"BehaviorSpace results (NetLogo 6.4.0)","Spreadsheet version 2.0"
"spatial_pd_demographic.nlogo"
"experiment"
"06/07/2024 08:46:51:906 +0200"
"min-pxcor","max-pxcor","min-pycor","max-pycor"
"0","49","0","49"
"[run number]","1","1","1","1","2","2","2","2","3","3","3","3","4","4","4","4","5","5","5","5","6","6","6","6","7","7","7","7","8","8","8","8","9","9","9","9","10","10","10","10","11","11","11","11","12","12","12","12","13","13","13","13","14","14","14","14","15","15","15","15","16","16","16","16","17","17","17","17","18","18","18","18","19","19","19","19","20","20","20","20","21","21","21","21","22","22","22","22","23","23","23","23","24","24","24","24","25","25","25","25","26","26","26","26","27","27","27","27","28","28","28","28","29","29","29","29","30","30","30","30"
"agent-maxage","100",,,,"100",,,,"100",,,,"100",,,,"100",,,,"100",,,,"100",,,,"100",,,,"100",,,,"100",,,,"100",,,,"100",,,,"100",,,,"100",,,,"100",,,,"100",,,,"100",,,,"100",,,,"100",,,,"100",,,,"100",,,,"100",,,,"100",,,,"100",,,,"100",,,,"100",,,,"100",,,,"100",,,,"100",,,,"100",,,
"pd-r","5",,,,"5",,,,"5",,,,"5",,,,"5",,,,"5",,,,"5",,,,"5",,,,"5",,,,"5",,,,"5",,,,"5",,,,"5",,,,"5",,,,"5",,,,"5",,,,"5",,,,"5",,,,"5",,,,"5",,,,"5",,,,"5",,,,"5",,,,"5",,,,"5",,,,"5",,,,"5",,,,"5",,,,"5",,,,"5",,,
"histogram-granularity","10",,,,"10",,,,"10",,,,"10",,,,"10",,,,"10",,,,"10",,,,"10",,,,"10",,,,"10",,,,"10",,,,"10",,,,"10",,,,"10",,,,"10",,,,"10",,,,"10",,,,"10",,,,"10",,,,"10",,,,"10",,,,"10",,,,"10",,,,"10",,,,"10",,,,"10",,,,"10",,,,"10",,,,"10",,,,"10",,,
"pd-s","-6",,,,"-6",,,,"-6",,,,"-6",,,,"-6",,,,"-6",,,,"-6",,,,"-6",,,,"-6",,,,"-6",,,,"-6",,,,"-6",,,,"-6",,,,"-6",,,,"-6",,,,"-6",,,,"-6",,,,"-6",,,,"-6",,,,"-6",,,,"-6",,,,"-6",,,,"-6",,,,"-6",,,,"-6",,,,"-6",,,,"-6",,,,"-6",,,,"-6",,,,"-6",,,
"agent-procreation-min-wealth","10",,,,"10",,,,"10",,,,"10",,,,"10",,,,"10",,,,"10",,,,"10",,,,"10",,,,"10",,,,"10",,,,"10",,,,"10",,,,"10",,,,"10",,,,"10",,,,"10",,,,"10",,,,"10",,,,"10",,,,"10",,,,"10",,,,"10",,,,"10",,,,"10",,,,"10",,,,"10",,,,"10",,,,"10",,,,"10",,,
"agent-init-coop-ratio","0.5",,,,"0.5",,,,"0.5",,,,"0.5",,,,"0.5",,,,"0.5",,,,"0.5",,,,"0.5",,,,"0.5",,,,"0.5",,,,"0.5",,,,"0.5",,,,"0.5",,,,"0.5",,,,"0.5",,,,"0.5",,,,"0.5",,,,"0.5",,,,"0.5",,,,"0.5",,,,"0.5",,,,"0.5",,,,"0.5",,,,"0.5",,,,"0.5",,,,"0.5",,,,"0.5",,,,"0.5",,,,"0.5",,,,"0.5",,,
"simulation-steps","500",,,,"500",,,,"500",,,,"500",,,,"500",,,,"500",,,,"500",,,,"500",,,,"500",,,,"500",,,,"500",,,,"500",,,,"500",,,,"500",,,,"500",,,,"500",,,,"500",,,,"500",,,,"500",,,,"500",,,,"500",,,,"500",,,,"500",,,,"500",,,,"500",,,,"500",,,,"500",,,,"500",,,,"500",,,,"500",,,
"pd-t","6",,,,"6",,,,"6",,,,"6",,,,"6",,,,"6",,,,"6",,,,"6",,,,"6",,,,"6",,,,"6",,,,"6",,,,"6",,,,"6",,,,"6",,,,"6",,,,"6",,,,"6",,,,"6",,,,"6",,,,"6",,,,"6",,,,"6",,,,"6",,,,"6",,,,"6",,,,"6",,,,"6",,,,"6",,,,"6",,,
"agent-number","280",,,,"280",,,,"280",,,,"280",,,,"280",,,,"280",,,,"280",,,,"280",,,,"280",,,,"280",,,,"280",,,,"280",,,,"280",,,,"280",,,,"280",,,,"280",,,,"280",,,,"280",,,,"280",,,,"280",,,,"280",,,,"280",,,,"280",,,,"280",,,,"280",,,,"280",,,,"280",,,,"280",,,,"280",,,,"280",,,
"agent-init-random-birth-age","true",,,,"true",,,,"true",,,,"true",,,,"true",,,,"true",,,,"true",,,,"true",,,,"true",,,,"true",,,,"true",,,,"true",,,,"true",,,,"true",,,,"true",,,,"true",,,,"true",,,,"true",,,,"true",,,,"true",,,,"true",,,,"true",,,,"true",,,,"true",,,,"true",,,,"true",,,,"true",,,,"true",,,,"true",,,,"true",,,
"patch-background-color","white",,,,"white",,,,"white",,,,"white",,,,"white",,,,"white",,,,"white",,,,"white",,,,"white",,,,"white",,,,"white",,,,"white",,,,"white",,,,"white",,,,"white",,,,"white",,,,"white",,,,"white",,,,"white",,,,"white",,,,"white",,,,"white",,,,"white",,,,"white",,,,"white",,,,"white",,,,"white",,,,"white",,,,"white",,,,"white",,,
"neighborhood","Moore",,,,"Moore",,,,"Moore",,,,"Moore",,,,"Moore",,,,"Moore",,,,"Moore",,,,"Moore",,,,"Moore",,,,"Moore",,,,"Moore",,,,"Moore",,,,"Moore",,,,"Moore",,,,"Moore",,,,"Moore",,,,"Moore",,,,"Moore",,,,"Moore",,,,"Moore",,,,"Moore",,,,"Moore",,,,"Moore",,,,"Moore",,,,"Moore",,,,"Moore",,,,"Moore",,,,"Moore",,,,"Moore",,,,"Moore",,,
"mutation-rate","0",,,,"0",,,,"0",,,,"0",,,,"0",,,,"0",,,,"0",,,,"0",,,,"0",,,,"0",,,,"0",,,,"0",,,,"0",,,,"0",,,,"0",,,,"0",,,,"0",,,,"0",,,,"0",,,,"0",,,,"0",,,,"0",,,,"0",,,,"0",,,,"0",,,,"0",,,,"0",,,,"0",,,,"0",,,,"0",,,
"agent-init-endowment","6",,,,"6",,,,"6",,,,"6",,,,"6",,,,"6",,,,"6",,,,"6",,,,"6",,,,"6",,,,"6",,,,"6",,,,"6",,,,"6",,,,"6",,,,"6",,,,"6",,,,"6",,,,"6",,,,"6",,,,"6",,,,"6",,,,"6",,,,"6",,,,"6",,,,"6",,,,"6",,,,"6",,,,"6",,,,"6",,,
"pd-p","-5",,,,"-5",,,,"-5",,,,"-5",,,,"-5",,,,"-5",,,,"-5",,,,"-5",,,,"-5",,,,"-5",,,,"-5",,,,"-5",,,,"-5",,,,"-5",,,,"-5",,,,"-5",,,,"-5",,,,"-5",,,,"-5",,,,"-5",,,,"-5",,,,"-5",,,,"-5",,,,"-5",,,,"-5",,,,"-5",,,,"-5",,,,"-5",,,,"-5",,,,"-5",,,
"[reporter]","[step]","count turtles","count cooperators","count defectors","[step]","count turtles","count cooperators","count defectors","[step]","count turtles","count cooperators","count defectors","[step]","count turtles","count cooperators","count defectors","[step]","count turtles","count cooperators","count defectors","[step]","count turtles","count cooperators","count defectors","[step]","count turtles","count cooperators","count defectors","[step]","count turtles","count cooperators","count defectors","[step]","count turtles","count cooperators","count defectors","[step]","count turtles","count cooperators","count defectors","[step]","count turtles","count cooperators","count defectors","[step]","count turtles","count cooperators","count defectors","[step]","count turtles","count cooperators","count defectors","[step]","count turtles","count cooperators","count defectors","[step]","count turtles","count cooperators","count defectors","[step]","count turtles","count cooperators","count defectors","[step]","count turtles","count cooperators","count defectors","[step]","count turtles","count cooperators","count defectors","[step]","count turtles","count cooperators","count defectors","[step]","count turtles","count cooperators","count defectors","[step]","count turtles","count cooperators","count defectors","[step]","count turtles","count cooperators","count defectors","[step]","count turtles","count cooperators","count defectors","[step]","count turtles","count cooperators","count defectors","[step]","count turtles","count cooperators","count defectors","[step]","count turtles","count cooperators","count defectors","[step]","count turtles","count cooperators","count defectors","[step]","count turtles","count cooperators","count defectors","[step]","count turtles","count cooperators","count defectors","[step]","count turtles","count cooperators","count defectors"
"[final]","500","2450","1476","974","500","2472","1483","989","500","2444","1427","1017","500","2448","1456","992","500","2458","1483","975","500","2445","1409","1036","500","2464","1463","1001","500","2435","1437","998","500","2453","1476","977","500","2442","1500","942","500","2473","1514","959","500","2475","1546","929","500","2446","1474","972","500","2434","1368","1066","500","2445","1456","989","500","2414","1349","1065","500","2459","1438","1021","500","2472","1518","954","500","2452","1430","1022","500","2440","1358","1082","500","2456","1484","972","500","2460","1534","926","500","2442","1402","1040","500","2462","1438","1024","500","2427","1511","916","500","2459","1404","1055","500","2441","1367","1074","500","2466","1395","1071","500","2461","1504","957","500","2421","1389","1032"
"[min]","0","280","139","140","0","280","140","140","0","280","140","140","0","280","121","140","0","280","140","140","0","280","140","140","0","280","140","140","0","280","140","140","0","280","140","140","0","280","139","140","0","280","124","140","0","280","140","139","0","280","132","126","0","280","140","140","0","280","138","140","0","280","140","140","0","280","119","140","0","275","99","131","0","280","140","140","0","280","128","140","0","280","137","140","0","280","140","140","0","280","140","140","0","280","140","140","0","280","138","140","0","280","140","140","0","280","140","140","0","280","140","140","0","280","136","140","0","280","127","140"
"[max]","500","2498","1919","1034","500","2498","1923","1043","500","2499","1930","1033","500","2496","1925","1008","500","2497","1889","986","500","2499","1889","1075","500","2499","1878","1019","500","2500","1908","1018","500","2499","1967","1013","500","2497","1903","985","500","2500","1936","996","500","2500","1959","956","500","2500","1979","1013","500","2498","1889","1101","500","2499","1878","1024","500","2496","1885","1081","500","2500","1955","1088","500","2499","1921","992","500","2497","1926","1041","500","2498","1829","1089","500","2498","1937","995","500","2500","1976","989","500","2499","1898","1057","500","2498","1911","1024","500","2500","1943","969","500","2500","1882","1099","500","2500","1885","1090","500","2498","1797","1097","500","2499","1936","979","500","2498","1892","1054"
"[mean]","250","2425.317365269461","1615.8283433133734","809.4890219560879","250","2429.870259481038","1606.0159680638722","823.8542914171657","250","2430.185628742515","1600.4091816367265","829.7764471057884","250","2424.786427145709","1620.0518962075848","804.7345309381237","250","2429.1017964071857","1617.3832335329341","811.7185628742515","250","2426.932135728543","1574.6666666666667","852.2654690618763","250","2429.425149700599","1591.433133732535","837.9920159680639","250","2433.487025948104","1591.810379241517","841.6766467065868","250","2436.5508982035926","1657.0718562874251","779.4790419161677","250","2423.8443113772455","1632.4211576846308","791.4231536926147","250","2429.4650698602795","1638.7325349301398","790.7325349301398","250","2442.8483033932134","1667.1037924151697","775.7445109780439","250","2439.013972055888","1679.195608782435","759.8183632734531","250","2432.502994011976","1568.9600798403194","863.5429141716567","250","2429.0399201596806","1597.9301397205588","831.1097804391218","250","2416.6606786427146","1560.24750499002","856.4131736526946","250","2427.2854291417166","1601.6946107784431","825.5908183632735","250","2428.293413173653","1627.3273453093811","800.9660678642715","250","2431.245508982036","1618.3892215568862","812.8562874251497","250","2411.3453093812377","1520.1097804391218","891.2355289421158","250","2434.8922155688624","1648.8323353293413","786.0598802395209","250","2431.5369261477044","1651.9840319361278","779.5528942115768","250","2430.2155688622756","1566.6606786427146","863.5548902195609","250","2432.9560878243515","1583.303393213573","849.6526946107784","250","2434.9660678642713","1664.3333333333333","770.6327345309381","250","2430.4051896207584","1555.1676646706587","875.2375249500998","250","2431.802395209581","1550.9880239520958","880.814371257485","250","2426.9680638722557","1535.680638722555","891.2874251497007","250","2432.7784431137725","1645.6167664670659","787.1616766467066","250","2435.4491017964074","1594.0938123752494","841.3552894211576"
"[total steps]","500","500","500","500","500","500","500","500","500","500","500","500","500","500","500","500","500","500","500","500","500","500","500","500","500","500","500","500","500","500","500","500","500","500","500","500","500","500","500","500","500","500","500","500","500","500","500","500","500","500","500","500","500","500","500","500","500","500","500","500","500","500","500","500","500","500","500","500","500","500","500","500","500","500","500","500","500","500","500","500","500","500","500","500","500","500","500","500","500","500","500","500","500","500","500","500","500","500","500","500","500","500","500","500","500","500","500","500","500","500","500","500","500","500","500","500","500","500","500","500"

"[all run data]","[step]","count turtles","count cooperators","count defectors","[step]","count turtles","count cooperators","count defectors","[step]","count turtles","count cooperators","count defectors","[step]","count turtles","count cooperators","count defectors","[step]","count turtles","count cooperators","count defectors","[step]","count turtles","count cooperators","count defectors","[step]","count turtles","count cooperators","count defectors","[step]","count turtles","count cooperators","count defectors","[step]","count turtles","count cooperators","count defectors","[step]","count turtles","count cooperators","count defectors","[step]","count turtles","count cooperators","count defectors","[step]","count turtles","count cooperators","count defectors","[step]","count turtles","count cooperators","count defectors","[step]","count turtles","count cooperators","count defectors","[step]","count turtles","count cooperators","count defectors","[step]","count turtles","count cooperators","count defectors","[step]","count turtles","count cooperators","count defectors","[step]","count turtles","count cooperators","count defectors","[step]","count turtles","count cooperators","count defectors","[step]","count turtles","count cooperators","count defectors","[step]","count turtles","count cooperators","count defectors","[step]","count turtles","count cooperators","count defectors","[step]","count turtles","count cooperators","count defectors","[step]","count turtles","count cooperators","count defectors","[step]","count turtles","count cooperators","count defectors","[step]","count turtles","count cooperators","count defectors","[step]","count turtles","count cooperators","count defectors","[step]","count turtles","count cooperators","count defectors","[step]","count turtles","count cooperators","count defectors","[step]","count turtles","count cooperators","count defectors"
,"0","280","140","140","0","280","140","140","0","280","140","140","0","280","140","140","0","280","140","140","0","280","140","140","0","280","140","140","0","280","140","140","0","280","140","140","0","280","140","140","0","280","140","140","0","280","140","140","0","280","140","140","0","280","140","140","0","280","140","140","0","280","140","140","0","280","140","140","0","280","140","140","0","280","140","140","0","280","140","140","0","280","140","140","0","280","140","140","0","280","140","140","0","280","140","140","0","280","140","140","0","280","140","140","0","280","140","140","0","280","140","140","0","280","140","140","0","280","140","140"
,"1","305","147","158","1","317","163","154","1","289","144","145","1","299","135","164","1","306","152","154","1","309","144","165","1","299","140","159","1","335","175","160","1","303","149","154","1","297","139","158","1","292","143","149","1","308","157","151","1","291","139","152","1","301","157","144","1","304","141","163","1","313","147","166","1","290","130","160","1","284","128","156","1","309","146","163","1","316","145","171","1","301","144","157","1","303","143","160","1","309","154","155","1","307","150","157","1","291","138","153","1","313","164","149","1","316","162","154","1","324","159","165","1","305","139","166","1","292","127","165"
,"2","320","139","181","2","334","159","175","2","308","150","158","2","293","121","172","2","335","159","176","2","325","146","179","2","314","144","170","2","371","190","181","2","327","155","172","2","313","140","173","2","295","124","171","2","337","184","153","2","295","132","163","2","315","161","154","2","314","138","176","2","338","146","192","2","298","119","179","2","275","99","176","2","327","156","171","2","310","128","182","2","310","137","173","2","307","148","159","2","350","188","162","2","347","172","175","2","323","158","165","2","332","168","164","2","347","182","165","2","350","157","193","2","316","136","180","2","315","142","173"
,"3","356","172","184","3","382","194","188","3","345","198","147","3","342","175","167","3","374","216","158","3","368","190","178","3","347","188","159","3","443","262","181","3","351","181","170","3","357","187","170","3","299","146","153","3","420","281","139","3","329","177","152","3","360","192","168","3","357","187","170","3","376","184","192","3","301","154","147","3","285","129","156","3","380","208","172","3","335","149","186","3","344","180","164","3","346","204","142","3","411","238","173","3","400","226","174","3","360","200","160","3","378","206","172","3","417","256","161","3","383","195","188","3","319","153","166","3","342","185","157"
,"4","414","247","167","4","457","297","160","4","436","292","144","4","427","268","159","4","494","335","159","4","422","253","169","4","451","287","164","4","601","416","185","4","448","288","160","4","444","303","141","4","363","199","164","4","623","459","164","4","401","275","126","4","463","282","181","4","436","270","166","4","452","259","193","4","371","230","141","4","327","196","131","4","475","312","163","4","349","172","177","4","416","269","147","4","477","332","145","4","538","358","180","4","518","353","165","4","474","308","166","4","478","302","176","4","578","400","178","4","469","278","191","4","356","205","151","4","449","294","155"
,"5","572","414","158","5","673","497","176","5","637","472","165","5","583","426","157","5","721","555","166","5","567","392","175","5","654","463","191","5","891","656","235","5","630","467","163","5","638","470","168","5","478","315","163","5","946","744","202","5","602","459","143","5","662","472","190","5","584","416","168","5","574","390","184","5","530","377","153","5","469","330","139","5","674","504","170","5","420","247","173","5","588","419","169","5","719","550","169","5","768","569","199","5","773","567","206","5","651","473","178","5","670","482","188","5","866","653","213","5","638","419","219","5","467","320","147","5","675","483","192"
,"6","790","610","180","6","1001","781","220","6","954","743","211","6","810","615","195","6","1030","810","220","6","791","579","212","6","910","676","234","6","1259","963","296","6","904","734","170","6","847","666","181","6","674","493","181","6","1311","1059","252","6","904","722","182","6","941","707","234","6","826","633","193","6","764","572","192","6","777","604","173","6","686","516","170","6","946","735","211","6","591","407","184","6","833","640","193","6","1035","834","201","6","1144","899","245","6","1084","826","258","6","907","691","216","6","979","749","230","6","1245","972","273","6","873","622","251","6","694","524","170","6","1000","759","241"
,"7","1031","811","220","7","1380","1077","303","7","1316","1048","268","7","1008","782","226","7","1359","1073","286","7","1056","781","275","7","1164","897","267","7","1597","1220","377","7","1316","1064","252","7","1037","818","219","7","924","711","213","7","1646","1325","321","7","1272","1040","232","7","1261","975","286","7","1108","848","260","7","1037","794","243","7","1125","884","241","7","945","725","220","7","1235","969","266","7","796","573","223","7","1144","896","248","7","1332","1071","261","7","1554","1242","312","7","1424","1102","322","7","1246","976","270","7","1389","1071","318","7","1548","1213","335","7","1178","874","304","7","1022","817","205","7","1368","1079","289"
,"8","1249","982","267","8","1740","1380","360","8","1604","1281","323","8","1248","989","259","8","1681","1314","367","8","1301","967","334","8","1484","1140","344","8","1844","1416","428","8","1729","1405","324","8","1230","968","262","8","1246","978","268","8","1937","1548","389","8","1688","1383","305","8","1622","1270","352","8","1401","1094","307","8","1313","1021","292","8","1453","1138","315","8","1243","958","285","8","1466","1158","308","8","1016","751","265","8","1411","1120","291","8","1602","1281","321","8","1908","1491","417","8","1742","1351","391","8","1579","1251","328","8","1706","1325","381","8","1804","1409","395","8","1487","1116","371","8","1414","1139","275","8","1770","1381","389"
,"9","1462","1162","300","9","2020","1585","435","9","1875","1480","395","9","1525","1212","313","9","1853","1448","405","9","1511","1129","382","9","1736","1334","402","9","2050","1586","464","9","2017","1630","387","9","1447","1129","318","9","1569","1233","336","9","2166","1719","447","9","2023","1629","394","9","1942","1509","433","9","1739","1338","401","9","1592","1239","353","9","1745","1390","355","9","1494","1168","326","9","1682","1333","349","9","1250","928","322","9","1693","1339","354","9","1808","1434","374","9","2121","1645","476","9","2049","1566","483","9","1859","1478","381","9","1978","1527","451","9","2004","1545","459","9","1749","1301","448","9","1747","1411","336","9","2081","1637","444"
,"10","1656","1297","359","10","2222","1702","520","10","2062","1612","450","10","1773","1393","380","10","2030","1578","452","10","1741","1314","427","10","1920","1476","444","10","2223","1699","524","10","2253","1810","443","10","1615","1257","358","10","1858","1458","400","10","2293","1803","490","10","2233","1775","458","10","2135","1645","490","10","2027","1555","472","10","1849","1431","418","10","1958","1529","429","10","1755","1360","395","10","1862","1457","405","10","1462","1085","377","10","1910","1505","405","10","1925","1523","402","10","2260","1737","523","10","2224","1692","532","10","2059","1609","450","10","2141","1644","497","10","2113","1623","490","10","1954","1443","511","10","2006","1594","412","10","2265","1727","538"
,"11","1811","1415","396","11","2301","1772","529","11","2194","1706","488","11","2016","1581","435","11","2153","1650","503","11","1937","1469","468","11","2076","1592","484","11","2331","1787","544","11","2355","1872","483","11","1785","1364","421","11","2087","1609","478","11","2360","1851","509","11","2381","1867","514","11","2261","1723","538","11","2210","1698","512","11","2021","1543","478","11","2113","1663","450","11","1965","1523","442","11","2002","1546","456","11","1675","1222","453","11","2118","1665","453","11","2047","1611","436","11","2321","1771","550","11","2322","1761","561","11","2187","1700","487","11","2265","1724","541","11","2197","1688","509","11","2098","1532","566","11","2204","1740","464","11","2353","1787","566"
,"12","1961","1524","437","12","2341","1807","534","12","2293","1774","519","12","2204","1730","474","12","2265","1729","536","12","2070","1564","506","12","2190","1676","514","12","2412","1843","569","12","2398","1900","498","12","1933","1485","448","12","2176","1669","507","12","2387","1871","516","12","2410","1876","534","12","2367","1789","578","12","2299","1761","538","12","2135","1629","506","12","2255","1752","503","12","2108","1610","498","12","2132","1636","496","12","1807","1300","507","12","2251","1764","487","12","2129","1687","442","12","2380","1793","587","12","2401","1800","601","12","2284","1778","506","12","2351","1781","570","12","2250","1718","532","12","2170","1587","583","12","2341","1819","522","12","2387","1813","574"
,"13","2071","1610","461","13","2390","1853","537","13","2375","1826","549","13","2302","1797","505","13","2332","1791","541","13","2177","1644","533","13","2275","1740","535","13","2436","1862","574","13","2417","1909","508","13","2051","1548","503","13","2275","1740","535","13","2415","1876","539","13","2435","1887","548","13","2393","1813","580","13","2359","1779","580","13","2207","1664","543","13","2317","1802","515","13","2214","1695","519","13","2226","1708","518","13","1960","1412","548","13","2347","1843","504","13","2246","1769","477","13","2425","1834","591","13","2412","1817","595","13","2343","1823","520","13","2395","1837","558","13","2311","1776","535","13","2269","1640","629","13","2384","1850","534","13","2422","1840","582"
,"14","2157","1680","477","14","2433","1887","546","14","2420","1837","583","14","2349","1828","521","14","2385","1807","578","14","2232","1666","566","14","2349","1799","550","14","2435","1877","558","14","2442","1926","516","14","2109","1575","534","14","2354","1808","546","14","2418","1891","527","14","2441","1899","542","14","2414","1840","574","14","2393","1795","598","14","2279","1689","590","14","2384","1861","523","14","2311","1765","546","14","2302","1755","547","14","2064","1516","548","14","2402","1876","526","14","2299","1812","487","14","2442","1855","587","14","2420","1813","607","14","2400","1856","544","14","2425","1835","590","14","2374","1829","545","14","2314","1667","647","14","2418","1877","541","14","2457","1875","582"
,"15","2240","1741","499","15","2454","1877","577","15","2456","1878","578","15","2414","1874","540","15","2400","1799","601","15","2266","1679","587","15","2395","1833","562","15","2451","1879","572","15","2442","1921","521","15","2169","1631","538","15","2395","1838","557","15","2421","1905","516","15","2450","1889","561","15","2419","1836","583","15","2414","1815","599","15","2289","1695","594","15","2421","1863","558","15","2342","1786","556","15","2347","1808","539","15","2202","1614","588","15","2424","1909","515","15","2347","1837","510","15","2452","1858","594","15","2432","1835","597","15","2420","1861","559","15","2444","1853","591","15","2430","1841","589","15","2330","1687","643","15","2436","1887","549","15","2464","1872","592"
,"16","2312","1782","530","16","2446","1869","577","16","2459","1891","568","16","2439","1887","552","16","2393","1811","582","16","2288","1696","592","16","2418","1832","586","16","2453","1873","580","16","2460","1928","532","16","2244","1672","572","16","2409","1869","540","16","2447","1928","519","16","2438","1913","525","16","2436","1845","591","16","2409","1809","600","16","2319","1710","609","16","2426","1875","551","16","2360","1811","549","16","2393","1846","547","16","2274","1640","634","16","2455","1913","542","16","2371","1858","513","16","2453","1853","600","16","2436","1852","584","16","2436","1880","556","16","2456","1855","601","16","2434","1839","595","16","2362","1727","635","16","2451","1893","558","16","2463","1868","595"
,"17","2372","1804","568","17","2458","1887","571","17","2468","1907","561","17","2458","1897","561","17","2418","1822","596","17","2319","1716","603","17","2431","1820","611","17","2453","1887","566","17","2454","1916","538","17","2295","1707","588","17","2431","1884","547","17","2469","1935","534","17","2449","1915","534","17","2446","1866","580","17","2420","1817","603","17","2341","1712","629","17","2455","1893","562","17","2405","1838","567","17","2425","1881","544","17","2313","1677","636","17","2453","1925","528","17","2406","1882","524","17","2456","1850","606","17","2461","1869","592","17","2447","1897","550","17","2451","1846","605","17","2460","1852","608","17","2413","1742","671","17","2442","1896","546","17","2468","1870","598"
,"18","2407","1845","562","18","2469","1896","573","18","2470","1912","558","18","2463","1899","564","18","2424","1848","576","18","2353","1750","603","18","2449","1838","611","18","2465","1900","565","18","2458","1920","538","18","2331","1733","598","18","2454","1902","552","18","2471","1931","540","18","2459","1914","545","18","2458","1862","596","18","2425","1813","612","18","2343","1704","639","18","2459","1894","565","18","2410","1860","550","18","2456","1908","548","18","2364","1705","659","18","2472","1930","542","18","2401","1881","520","18","2458","1863","595","18","2469","1874","595","18","2461","1913","548","18","2452","1853","599","18","2448","1852","596","18","2443","1759","684","18","2460","1921","539","18","2469","1870","599"
,"19","2432","1862","570","19","2454","1896","558","19","2471","1911","560","19","2465","1902","563","19","2435","1860","575","19","2389","1774","615","19","2457","1840","617","19","2474","1889","585","19","2472","1944","528","19","2347","1765","582","19","2465","1904","561","19","2474","1942","532","19","2468","1936","532","19","2458","1855","603","19","2444","1820","624","19","2335","1718","617","19","2462","1918","544","19","2451","1885","566","19","2462","1913","549","19","2389","1734","655","19","2469","1923","546","19","2433","1912","521","19","2476","1865","611","19","2468","1869","599","19","2468","1917","551","19","2470","1862","608","19","2473","1860","613","19","2436","1762","674","19","2474","1923","551","19","2463","1858","605"
,"20","2446","1864","582","20","2471","1891","580","20","2480","1919","561","20","2471","1912","559","20","2450","1855","595","20","2388","1770","618","20","2443","1830","613","20","2458","1887","571","20","2473","1936","537","20","2398","1803","595","20","2452","1886","566","20","2481","1944","537","20","2479","1939","540","20","2466","1869","597","20","2436","1841","595","20","2369","1737","632","20","2475","1912","563","20","2446","1882","564","20","2481","1916","565","20","2389","1733","656","20","2465","1930","535","20","2434","1916","518","20","2471","1885","586","20","2454","1879","575","20","2468","1908","560","20","2465","1843","622","20","2465","1857","608","20","2447","1762","685","20","2475","1926","549","20","2470","1861","609"
,"21","2460","1864","596","21","2461","1900","561","21","2487","1923","564","21","2469","1913","556","21","2449","1865","584","21","2414","1796","618","21","2448","1826","622","21","2479","1894","585","21","2474","1935","539","21","2418","1820","598","21","2465","1892","573","21","2476","1940","536","21","2476","1945","531","21","2474","1888","586","21","2453","1869","584","21","2375","1757","618","21","2474","1908","566","21","2467","1903","564","21","2472","1908","564","21","2423","1738","685","21","2477","1937","540","21","2451","1939","512","21","2476","1896","580","21","2474","1875","599","21","2478","1902","576","21","2465","1852","613","21","2470","1869","601","21","2459","1780","679","21","2466","1923","543","21","2467","1861","606"
,"22","2457","1879","578","22","2465","1895","570","22","2483","1921","562","22","2475","1911","564","22","2457","1853","604","22","2415","1802","613","22","2458","1840","618","22","2477","1894","583","22","2469","1939","530","22","2412","1848","564","22","2467","1888","579","22","2473","1942","531","22","2478","1947","531","22","2471","1883","588","22","2466","1863","603","22","2395","1761","634","22","2472","1905","567","22","2471","1906","565","22","2476","1919","557","22","2392","1723","669","22","2479","1935","544","22","2454","1952","502","22","2469","1888","581","22","2479","1883","596","22","2468","1900","568","22","2463","1863","600","22","2478","1868","610","22","2446","1761","685","22","2480","1921","559","22","2462","1868","594"
,"23","2464","1876","588","23","2471","1897","574","23","2487","1916","571","23","2475","1917","558","23","2447","1860","587","23","2439","1830","609","23","2457","1845","612","23","2479","1880","599","23","2467","1950","517","23","2430","1866","564","23","2481","1911","570","23","2479","1944","535","23","2479","1950","529","23","2469","1874","595","23","2468","1859","609","23","2381","1760","621","23","2480","1908","572","23","2472","1897","575","23","2478","1926","552","23","2427","1756","671","23","2476","1932","544","23","2471","1950","521","23","2484","1892","592","23","2469","1888","581","23","2478","1911","567","23","2467","1862","605","23","2475","1873","602","23","2448","1767","681","23","2473","1902","571","23","2476","1890","586"
,"24","2464","1886","578","24","2472","1896","576","24","2479","1906","573","24","2474","1918","556","24","2465","1864","601","24","2461","1840","621","24","2467","1852","615","24","2479","1893","586","24","2475","1958","517","24","2460","1881","579","24","2473","1899","574","24","2480","1955","525","24","2484","1951","533","24","2486","1880","606","24","2468","1867","601","24","2406","1773","633","24","2481","1904","577","24","2466","1898","568","24","2487","1920","567","24","2442","1769","673","24","2473","1935","538","24","2474","1955","519","24","2485","1886","599","24","2475","1881","594","24","2477","1914","563","24","2483","1876","607","24","2481","1867","614","24","2465","1797","668","24","2472","1904","568","24","2475","1887","588"
,"25","2466","1891","575","25","2480","1917","563","25","2480","1904","576","25","2475","1910","565","25","2472","1866","606","25","2447","1842","605","25","2466","1865","601","25","2481","1891","590","25","2477","1967","510","25","2451","1888","563","25","2472","1900","572","25","2489","1955","534","25","2482","1958","524","25","2465","1861","604","25","2472","1873","599","25","2429","1780","649","25","2477","1901","576","25","2484","1914","570","25","2481","1916","565","25","2457","1790","667","25","2487","1930","557","25","2487","1957","530","25","2483","1888","595","25","2484","1897","587","25","2478","1924","554","25","2480","1874","606","25","2482","1865","617","25","2472","1787","685","25","2463","1901","562","25","2471","1882","589"
,"26","2480","1909","571","26","2476","1915","561","26","2473","1905","568","26","2484","1903","581","26","2474","1868","606","26","2472","1857","615","26","2479","1871","608","26","2490","1888","602","26","2480","1960","520","26","2468","1885","583","26","2480","1909","571","26","2489","1959","530","26","2483","1965","518","26","2481","1877","604","26","2482","1875","607","26","2429","1787","642","26","2467","1895","572","26","2481","1904","577","26","2483","1918","565","26","2459","1784","675","26","2486","1921","565","26","2485","1967","518","26","2472","1892","580","26","2482","1879","603","26","2481","1905","576","26","2478","1874","604","26","2479","1866","613","26","2472","1785","687","26","2464","1901","563","26","2481","1878","603"
,"27","2489","1917","572","27","2480","1913","567","27","2483","1910","573","27","2476","1902","574","27","2472","1853","619","27","2459","1858","601","27","2475","1864","611","27","2481","1890","591","27","2478","1956","522","27","2471","1880","591","27","2475","1904","571","27","2488","1949","539","27","2484","1975","509","27","2483","1865","618","27","2481","1871","610","27","2432","1780","652","27","2476","1915","561","27","2474","1904","570","27","2482","1909","573","27","2464","1782","682","27","2487","1924","563","27","2484","1944","540","27","2488","1891","597","27","2472","1876","596","27","2481","1911","570","27","2488","1882","606","27","2485","1881","604","27","2470","1784","686","27","2467","1900","567","27","2486","1887","599"
,"28","2483","1907","576","28","2485","1919","566","28","2485","1906","579","28","2475","1909","566","28","2463","1854","609","28","2471","1859","612","28","2482","1852","630","28","2491","1898","593","28","2487","1967","520","28","2466","1884","582","28","2474","1898","576","28","2491","1955","536","28","2483","1972","511","28","2477","1856","621","28","2468","1866","602","28","2429","1780","649","28","2473","1915","558","28","2495","1911","584","28","2476","1901","575","28","2473","1775","698","28","2480","1926","554","28","2487","1947","540","28","2483","1880","603","28","2483","1888","595","28","2485","1919","566","28","2480","1878","602","28","2486","1872","614","28","2475","1781","694","28","2479","1916","563","28","2491","1888","603"
,"29","2485","1904","581","29","2486","1918","568","29","2482","1930","552","29","2466","1903","563","29","2462","1845","617","29","2464","1857","607","29","2470","1850","620","29","2490","1904","586","29","2479","1959","520","29","2459","1875","584","29","2482","1902","580","29","2488","1953","535","29","2488","1970","518","29","2486","1866","620","29","2475","1866","609","29","2433","1784","649","29","2477","1925","552","29","2488","1907","581","29","2478","1901","577","29","2456","1769","687","29","2480","1925","555","29","2490","1958","532","29","2484","1880","604","29","2484","1889","595","29","2485","1912","573","29","2488","1877","611","29","2483","1872","611","29","2464","1766","698","29","2482","1919","563","29","2487","1889","598"
,"30","2488","1919","569","30","2483","1916","567","30","2494","1929","565","30","2475","1913","562","30","2470","1846","624","30","2469","1857","612","30","2473","1848","625","30","2479","1892","587","30","2489","1961","528","30","2461","1883","578","30","2486","1925","561","30","2492","1945","547","30","2486","1968","518","30","2488","1872","616","30","2476","1866","610","30","2435","1790","645","30","2473","1936","537","30","2487","1897","590","30","2485","1921","564","30","2463","1784","679","30","2477","1910","567","30","2490","1969","521","30","2481","1884","597","30","2481","1886","595","30","2482","1918","564","30","2483","1866","617","30","2483","1868","615","30","2474","1781","693","30","2481","1911","570","30","2481","1875","606"
,"31","2484","1917","567","31","2483","1907","576","31","2484","1919","565","31","2484","1913","571","31","2468","1852","616","31","2468","1866","602","31","2487","1858","629","31","2492","1901","591","31","2490","1959","531","31","2466","1877","589","31","2487","1916","571","31","2480","1947","533","31","2488","1966","522","31","2481","1866","615","31","2474","1865","609","31","2433","1794","639","31","2489","1942","547","31","2485","1904","581","31","2488","1905","583","31","2467","1777","690","31","2485","1925","560","31","2485","1962","523","31","2488","1885","603","31","2492","1891","601","31","2490","1920","570","31","2478","1876","602","31","2485","1879","606","31","2463","1783","680","31","2488","1921","567","31","2489","1878","611"
,"32","2479","1915","564","32","2490","1921","569","32","2492","1915","577","32","2479","1910","569","32","2484","1853","631","32","2475","1865","610","32","2469","1844","625","32","2488","1888","600","32","2482","1957","525","32","2480","1895","585","32","2483","1909","574","32","2488","1950","538","32","2494","1979","515","32","2486","1872","614","32","2472","1864","608","32","2451","1812","639","32","2487","1936","551","32","2480","1896","584","32","2487","1904","583","32","2466","1789","677","32","2489","1926","563","32","2487","1971","516","32","2492","1886","606","32","2484","1877","607","32","2490","1916","574","32","2488","1872","616","32","2488","1873","615","32","2482","1772","710","32","2487","1929","558","32","2484","1871","613"
,"33","2486","1909","577","33","2491","1918","573","33","2485","1912","573","33","2483","1912","571","33","2471","1856","615","33","2468","1861","607","33","2473","1852","621","33","2493","1889","604","33","2488","1956","532","33","2473","1898","575","33","2482","1902","580","33","2479","1944","535","33","2487","1969","518","33","2494","1881","613","33","2479","1871","608","33","2451","1810","641","33","2484","1935","549","33","2483","1899","584","33","2478","1909","569","33","2476","1789","687","33","2477","1921","556","33","2495","1975","520","33","2488","1882","606","33","2491","1880","611","33","2492","1920","572","33","2481","1863","618","33","2489","1869","620","33","2483","1779","704","33","2491","1926","565","33","2485","1877","608"
,"34","2486","1916","570","34","2485","1919","566","34","2489","1919","570","34","2480","1902","578","34","2471","1862","609","34","2480","1854","626","34","2482","1859","623","34","2487","1888","599","34","2490","1952","538","34","2471","1886","585","34","2483","1927","556","34","2487","1939","548","34","2490","1961","529","34","2490","1889","601","34","2473","1864","609","34","2443","1799","644","34","2488","1943","545","34","2486","1906","580","34","2488","1910","578","34","2475","1782","693","34","2489","1936","553","34","2493","1965","528","34","2486","1885","601","34","2486","1885","601","34","2482","1918","564","34","2490","1864","626","34","2485","1879","606","34","2473","1781","692","34","2494","1929","565","34","2487","1879","608"
,"35","2491","1899","592","35","2483","1909","574","35","2491","1914","577","35","2478","1903","575","35","2477","1869","608","35","2477","1858","619","35","2482","1856","626","35","2484","1885","599","35","2485","1948","537","35","2475","1886","589","35","2491","1923","568","35","2485","1938","547","35","2486","1966","520","35","2491","1881","610","35","2481","1869","612","35","2444","1801","643","35","2489","1941","548","35","2480","1906","574","35","2476","1904","572","35","2479","1786","693","35","2489","1923","566","35","2496","1962","534","35","2488","1883","605","35","2488","1872","616","35","2489","1920","569","35","2491","1863","628","35","2488","1870","618","35","2480","1782","698","35","2489","1925","564","35","2483","1880","603"
,"36","2482","1896","586","36","2494","1913","581","36","2493","1921","572","36","2485","1911","574","36","2488","1878","610","36","2476","1863","613","36","2485","1867","618","36","2493","1895","598","36","2480","1943","537","36","2477","1895","582","36","2482","1919","563","36","2487","1937","550","36","2494","1972","522","36","2485","1876","609","36","2486","1877","609","36","2451","1819","632","36","2491","1947","544","36","2487","1917","570","36","2493","1905","588","36","2465","1784","681","36","2485","1914","571","36","2494","1957","537","36","2492","1890","602","36","2487","1871","616","36","2485","1920","565","36","2491","1862","629","36","2483","1873","610","36","2481","1780","701","36","2491","1930","561","36","2483","1879","604"
,"37","2485","1902","583","37","2492","1923","569","37","2492","1916","576","37","2489","1922","567","37","2485","1877","608","37","2485","1858","627","37","2484","1861","623","37","2495","1898","597","37","2481","1949","532","37","2478","1891","587","37","2491","1920","571","37","2487","1943","544","37","2490","1960","530","37","2491","1876","615","37","2483","1869","614","37","2452","1824","628","37","2489","1934","555","37","2492","1920","572","37","2483","1904","579","37","2485","1796","689","37","2483","1916","567","37","2497","1949","548","37","2488","1881","607","37","2486","1867","619","37","2491","1927","564","37","2486","1857","629","37","2489","1869","620","37","2473","1779","694","37","2488","1926","562","37","2487","1883","604"
,"38","2490","1898","592","38","2494","1923","571","38","2491","1913","578","38","2490","1923","567","38","2483","1872","611","38","2476","1853","623","38","2491","1867","624","38","2493","1901","592","38","2484","1941","543","38","2482","1890","592","38","2485","1926","559","38","2483","1934","549","38","2494","1972","522","38","2494","1866","628","38","2492","1867","625","38","2441","1813","628","38","2487","1930","557","38","2489","1911","578","38","2491","1907","584","38","2477","1802","675","38","2490","1917","573","38","2492","1945","547","38","2480","1884","596","38","2483","1886","597","38","2491","1933","558","38","2479","1855","624","38","2489","1870","619","38","2478","1771","707","38","2482","1924","558","38","2491","1883","608"
,"39","2490","1897","593","39","2489","1918","571","39","2485","1920","565","39","2482","1925","557","39","2488","1865","623","39","2481","1854","627","39","2486","1873","613","39","2497","1893","604","39","2480","1940","540","39","2485","1890","595","39","2485","1925","560","39","2489","1932","557","39","2494","1964","530","39","2484","1848","636","39","2476","1874","602","39","2464","1827","637","39","2485","1940","545","39","2491","1905","586","39","2487","1901","586","39","2480","1801","679","39","2490","1914","576","39","2491","1944","547","39","2489","1882","607","39","2476","1881","595","39","2491","1931","560","39","2483","1853","630","39","2488","1870","618","39","2474","1771","703","39","2486","1922","564","39","2487","1872","615"
,"40","2486","1892","594","40","2492","1918","574","40","2496","1914","582","40","2482","1925","557","40","2473","1863","610","40","2478","1861","617","40","2480","1861","619","40","2495","1883","612","40","2489","1949","540","40","2487","1903","584","40","2491","1934","557","40","2495","1945","550","40","2494","1962","532","40","2489","1854","635","40","2482","1863","619","40","2456","1810","646","40","2490","1936","554","40","2483","1903","580","40","2491","1903","588","40","2487","1792","695","40","2491","1918","573","40","2490","1946","544","40","2489","1876","613","40","2488","1885","603","40","2488","1922","566","40","2483","1863","620","40","2485","1869","616","40","2477","1780","697","40","2486","1928","558","40","2485","1869","616"
,"41","2484","1890","594","41","2487","1913","574","41","2493","1914","579","41","2489","1909","580","41","2489","1868","621","41","2478","1856","622","41","2482","1866","616","41","2493","1884","609","41","2483","1935","548","41","2474","1884","590","41","2489","1932","557","41","2494","1929","565","41","2491","1966","525","41","2486","1858","628","41","2477","1862","615","41","2443","1811","632","41","2494","1939","555","41","2490","1900","590","41","2490","1901","589","41","2486","1794","692","41","2487","1921","566","41","2488","1943","545","41","2492","1877","615","41","2479","1891","588","41","2488","1927","561","41","2487","1860","627","41","2488","1879","609","41","2478","1788","690","41","2491","1925","566","41","2486","1869","617"
,"42","2479","1889","590","42","2489","1914","575","42","2489","1908","581","42","2491","1916","575","42","2482","1868","614","42","2478","1867","611","42","2492","1872","620","42","2495","1888","607","42","2484","1938","546","42","2488","1883","605","42","2492","1927","565","42","2487","1919","568","42","2492","1960","532","42","2495","1867","628","42","2484","1855","629","42","2445","1815","630","42","2485","1946","539","42","2483","1905","578","42","2495","1902","593","42","2480","1793","687","42","2493","1925","568","42","2494","1954","540","42","2487","1871","616","42","2486","1895","591","42","2489","1940","549","42","2490","1864","626","42","2494","1877","617","42","2474","1779","695","42","2490","1924","566","42","2486","1885","601"
,"43","2489","1896","593","43","2492","1904","588","43","2492","1910","582","43","2491","1913","578","43","2489","1867","622","43","2483","1872","611","43","2494","1872","622","43","2491","1885","606","43","2487","1951","536","43","2482","1886","596","43","2492","1932","560","43","2486","1921","565","43","2494","1966","528","43","2482","1859","623","43","2480","1867","613","43","2451","1833","618","43","2496","1955","541","43","2491","1906","585","43","2490","1901","589","43","2476","1802","674","43","2486","1921","565","43","2494","1953","541","43","2490","1868","622","43","2495","1894","601","43","2492","1938","554","43","2489","1859","630","43","2484","1869","615","43","2478","1786","692","43","2485","1927","558","43","2480","1880","600"
,"44","2487","1889","598","44","2496","1907","589","44","2494","1912","582","44","2490","1917","573","44","2487","1869","618","44","2485","1874","611","44","2491","1864","627","44","2485","1872","613","44","2484","1941","543","44","2482","1895","587","44","2488","1930","558","44","2485","1923","562","44","2493","1957","536","44","2490","1856","634","44","2483","1866","617","44","2462","1829","633","44","2489","1949","540","44","2483","1906","577","44","2492","1899","593","44","2483","1812","671","44","2492","1919","573","44","2488","1952","536","44","2495","1879","616","44","2485","1887","598","44","2489","1931","558","44","2484","1859","625","44","2489","1864","625","44","2486","1774","712","44","2493","1921","572","44","2491","1879","612"
,"45","2481","1893","588","45","2491","1907","584","45","2491","1905","586","45","2479","1910","569","45","2478","1867","611","45","2485","1885","600","45","2489","1848","641","45","2479","1884","595","45","2492","1949","543","45","2483","1893","590","45","2495","1930","565","45","2488","1916","572","45","2498","1963","535","45","2490","1857","633","45","2487","1874","613","45","2469","1828","641","45","2487","1946","541","45","2489","1909","580","45","2489","1891","598","45","2481","1811","670","45","2496","1924","572","45","2491","1952","539","45","2496","1877","619","45","2485","1899","586","45","2492","1932","560","45","2493","1859","634","45","2492","1861","631","45","2473","1766","707","45","2486","1929","557","45","2490","1884","606"
,"46","2486","1884","602","46","2492","1916","576","46","2489","1903","586","46","2491","1905","586","46","2486","1868","618","46","2479","1880","599","46","2486","1852","634","46","2493","1881","612","46","2488","1949","539","46","2485","1888","597","46","2492","1936","556","46","2491","1920","571","46","2490","1964","526","46","2493","1861","632","46","2488","1878","610","46","2477","1847","630","46","2492","1953","539","46","2478","1901","577","46","2489","1885","604","46","2484","1805","679","46","2492","1926","566","46","2494","1953","541","46","2488","1875","613","46","2485","1906","579","46","2491","1928","563","46","2485","1844","641","46","2493","1877","616","46","2479","1760","719","46","2489","1928","561","46","2492","1889","603"
,"47","2487","1889","598","47","2494","1919","575","47","2492","1899","593","47","2494","1916","578","47","2478","1859","619","47","2490","1889","601","47","2492","1854","638","47","2484","1881","603","47","2498","1948","550","47","2475","1885","590","47","2491","1929","562","47","2490","1915","575","47","2484","1969","515","47","2489","1862","627","47","2496","1871","625","47","2480","1849","631","47","2493","1951","542","47","2487","1904","583","47","2491","1886","605","47","2480","1798","682","47","2495","1918","577","47","2489","1956","533","47","2498","1873","625","47","2485","1898","587","47","2489","1934","555","47","2490","1861","629","47","2492","1876","616","47","2488","1766","722","47","2488","1920","568","47","2490","1888","602"
,"48","2490","1898","592","48","2491","1919","572","48","2481","1897","584","48","2492","1908","584","48","2479","1855","624","48","2483","1881","602","48","2486","1859","627","48","2493","1882","611","48","2495","1952","543","48","2481","1891","590","48","2493","1925","568","48","2484","1919","565","48","2492","1964","528","48","2491","1862","629","48","2493","1872","621","48","2474","1849","625","48","2492","1951","541","48","2485","1901","584","48","2492","1876","616","48","2481","1808","673","48","2494","1919","575","48","2492","1959","533","48","2492","1875","617","48","2493","1894","599","48","2489","1931","558","48","2488","1860","628","48","2491","1872","619","48","2486","1770","716","48","2489","1918","571","48","2491","1886","605"
,"49","2484","1887","597","49","2488","1916","572","49","2495","1897","598","49","2492","1903","589","49","2469","1858","611","49","2490","1878","612","49","2487","1856","631","49","2492","1889","603","49","2497","1943","554","49","2483","1889","594","49","2489","1924","565","49","2486","1922","564","49","2493","1965","528","49","2496","1868","628","49","2489","1874","615","49","2477","1838","639","49","2491","1943","548","49","2486","1899","587","49","2489","1880","609","49","2481","1813","668","49","2491","1919","572","49","2495","1967","528","49","2491","1882","609","49","2491","1901","590","49","2496","1936","560","49","2493","1860","633","49","2496","1864","632","49","2486","1777","709","49","2489","1916","573","49","2487","1885","602"
,"50","2490","1872","618","50","2494","1913","581","50","2495","1904","591","50","2495","1903","592","50","2469","1860","609","50","2489","1884","605","50","2495","1868","627","50","2494","1889","605","50","2490","1939","551","50","2491","1900","591","50","2489","1912","577","50","2479","1928","551","50","2493","1959","534","50","2487","1866","621","50","2490","1866","624","50","2482","1850","632","50","2495","1935","560","50","2490","1894","596","50","2486","1884","602","50","2482","1807","675","50","2493","1919","574","50","2494","1964","530","50","2492","1878","614","50","2491","1905","586","50","2496","1930","566","50","2493","1855","638","50","2491","1863","628","50","2483","1772","711","50","2491","1921","570","50","2485","1888","597"
,"51","2487","1869","618","51","2495","1913","582","51","2490","1899","591","51","2492","1900","592","51","2480","1863","617","51","2478","1886","592","51","2486","1869","617","51","2499","1885","614","51","2496","1939","557","51","2488","1894","594","51","2491","1920","571","51","2490","1934","556","51","2497","1958","539","51","2486","1854","632","51","2490","1873","617","51","2473","1853","620","51","2485","1939","546","51","2494","1899","595","51","2493","1891","602","51","2484","1805","679","51","2494","1920","574","51","2494","1962","532","51","2494","1886","608","51","2497","1899","598","51","2496","1932","564","51","2488","1861","627","51","2488","1867","621","51","2484","1785","699","51","2485","1921","564","51","2495","1885","610"
,"52","2488","1869","619","52","2493","1906","587","52","2491","1897","594","52","2491","1899","592","52","2483","1869","614","52","2487","1887","600","52","2488","1869","619","52","2497","1887","610","52","2496","1945","551","52","2491","1894","597","52","2492","1916","576","52","2485","1930","555","52","2498","1962","536","52","2489","1865","624","52","2489","1870","619","52","2484","1848","636","52","2492","1941","551","52","2489","1901","588","52","2496","1890","606","52","2481","1813","668","52","2497","1926","571","52","2494","1970","524","52","2496","1887","609","52","2492","1896","596","52","2495","1930","565","52","2482","1848","634","52","2494","1875","619","52","2492","1780","712","52","2489","1927","562","52","2493","1885","608"
,"53","2478","1869","609","53","2491","1913","578","53","2492","1898","594","53","2488","1899","589","53","2490","1875","615","53","2485","1885","600","53","2488","1869","619","53","2493","1878","615","53","2495","1952","543","53","2489","1887","602","53","2489","1916","573","53","2492","1930","562","53","2494","1959","535","53","2494","1863","631","53","2492","1873","619","53","2478","1850","628","53","2497","1942","555","53","2491","1911","580","53","2487","1894","593","53","2492","1817","675","53","2496","1923","573","53","2495","1974","521","53","2495","1892","603","53","2494","1910","584","53","2494","1924","570","53","2482","1853","629","53","2491","1871","620","53","2485","1771","714","53","2495","1919","576","53","2493","1892","601"
,"54","2484","1874","610","54","2495","1910","585","54","2493","1901","592","54","2481","1889","592","54","2487","1874","613","54","2491","1887","604","54","2495","1873","622","54","2494","1885","609","54","2493","1949","544","54","2490","1893","597","54","2485","1926","559","54","2490","1935","555","54","2496","1967","529","54","2491","1866","625","54","2486","1875","611","54","2481","1847","634","54","2496","1949","547","54","2497","1907","590","54","2492","1887","605","54","2487","1813","674","54","2495","1924","571","54","2497","1972","525","54","2490","1896","594","54","2496","1911","585","54","2493","1932","561","54","2494","1861","633","54","2494","1878","616","54","2485","1773","712","54","2489","1923","566","54","2488","1881","607"
,"55","2482","1880","602","55","2495","1908","587","55","2495","1906","589","55","2492","1889","603","55","2489","1871","618","55","2486","1883","603","55","2487","1867","620","55","2494","1879","615","55","2498","1949","549","55","2490","1878","612","55","2494","1930","564","55","2493","1938","555","55","2496","1965","531","55","2488","1849","639","55","2499","1866","633","55","2476","1846","630","55","2496","1940","556","55","2490","1900","590","55","2488","1881","607","55","2491","1820","671","55","2492","1916","576","55","2492","1972","520","55","2496","1898","598","55","2491","1909","582","55","2498","1931","567","55","2494","1860","634","55","2493","1876","617","55","2481","1784","697","55","2495","1928","567","55","2489","1884","605"
,"56","2482","1882","600","56","2492","1909","583","56","2486","1901","585","56","2491","1899","592","56","2473","1868","605","56","2494","1882","612","56","2495","1868","627","56","2498","1884","614","56","2486","1937","549","56","2486","1876","610","56","2486","1920","566","56","2492","1943","549","56","2498","1974","524","56","2492","1851","641","56","2494","1866","628","56","2471","1849","622","56","2496","1935","561","56","2494","1905","589","56","2490","1886","604","56","2483","1809","674","56","2493","1913","580","56","2495","1969","526","56","2496","1890","606","56","2495","1908","587","56","2491","1930","561","56","2495","1863","632","56","2494","1885","609","56","2488","1781","707","56","2494","1930","564","56","2489","1878","611"
,"57","2485","1886","599","57","2486","1907","579","57","2490","1899","591","57","2485","1894","591","57","2483","1871","612","57","2491","1884","607","57","2489","1855","634","57","2494","1887","607","57","2485","1940","545","57","2484","1877","607","57","2486","1918","568","57","2497","1950","547","57","2499","1975","524","57","2491","1853","638","57","2493","1864","629","57","2489","1855","634","57","2493","1930","563","57","2489","1902","587","57","2490","1883","607","57","2488","1811","677","57","2493","1921","572","57","2495","1963","532","57","2496","1893","603","57","2488","1898","590","57","2489","1932","557","57","2495","1859","636","57","2493","1876","617","57","2482","1773","709","57","2492","1936","556","57","2489","1872","617"
,"58","2492","1883","609","58","2490","1911","579","58","2492","1901","591","58","2496","1898","598","58","2482","1876","606","58","2492","1879","613","58","2485","1863","622","58","2488","1887","601","58","2490","1937","553","58","2478","1880","598","58","2495","1922","573","58","2494","1938","556","58","2495","1974","521","58","2486","1853","633","58","2491","1869","622","58","2476","1866","610","58","2495","1934","561","58","2486","1899","587","58","2494","1892","602","58","2486","1811","675","58","2494","1931","563","58","2493","1972","521","58","2487","1881","606","58","2496","1894","602","58","2494","1938","556","58","2495","1858","637","58","2496","1869","627","58","2492","1773","719","58","2495","1931","564","58","2494","1871","623"
,"59","2486","1884","602","59","2495","1907","588","59","2495","1895","600","59","2483","1898","585","59","2492","1878","614","59","2491","1872","619","59","2490","1866","624","59","2496","1889","607","59","2491","1936","555","59","2479","1871","608","59","2489","1924","565","59","2495","1941","554","59","2497","1973","524","59","2494","1849","645","59","2487","1866","621","59","2484","1870","614","59","2491","1938","553","59","2485","1901","584","59","2492","1890","602","59","2487","1813","674","59","2497","1920","577","59","2493","1975","518","59","2492","1886","606","59","2491","1889","602","59","2492","1936","556","59","2495","1850","645","59","2492","1870","622","59","2486","1792","694","59","2491","1933","558","59","2496","1874","622"
,"60","2491","1890","601","60","2493","1912","581","60","2493","1898","595","60","2489","1894","595","60","2490","1875","615","60","2495","1876","619","60","2489","1862","627","60","2491","1890","601","60","2488","1937","551","60","2482","1868","614","60","2494","1920","574","60","2490","1945","545","60","2496","1967","529","60","2484","1847","637","60","2493","1864","629","60","2488","1877","611","60","2491","1935","556","60","2494","1915","579","60","2493","1897","596","60","2488","1812","676","60","2498","1924","574","60","2491","1973","518","60","2493","1890","603","60","2490","1892","598","60","2493","1934","559","60","2492","1853","639","60","2489","1863","626","60","2483","1789","694","60","2496","1923","573","60","2493","1869","624"
,"61","2481","1886","595","61","2497","1903","594","61","2498","1895","603","61","2485","1894","591","61","2496","1881","615","61","2491","1871","620","61","2493","1873","620","61","2496","1889","607","61","2496","1934","562","61","2491","1872","619","61","2496","1919","577","61","2494","1942","552","61","2493","1967","526","61","2487","1843","644","61","2491","1860","631","61","2493","1885","608","61","2495","1935","560","61","2491","1907","584","61","2496","1891","605","61","2490","1804","686","61","2494","1924","570","61","2498","1976","522","61","2494","1885","609","61","2498","1899","599","61","2491","1931","560","61","2498","1856","642","61","2491","1871","620","61","2490","1783","707","61","2495","1920","575","61","2493","1875","618"
,"62","2491","1889","602","62","2490","1898","592","62","2495","1886","609","62","2488","1892","596","62","2494","1889","605","62","2492","1866","626","62","2490","1867","623","62","2497","1900","597","62","2489","1926","563","62","2491","1875","616","62","2495","1909","586","62","2491","1941","550","62","2493","1974","519","62","2494","1848","646","62","2491","1864","627","62","2491","1877","614","62","2489","1937","552","62","2493","1910","583","62","2492","1886","606","62","2490","1815","675","62","2490","1924","566","62","2495","1969","526","62","2490","1880","610","62","2493","1899","594","62","2493","1938","555","62","2491","1857","634","62","2494","1873","621","62","2492","1781","711","62","2491","1917","574","62","2492","1872","620"
,"63","2492","1881","611","63","2494","1904","590","63","2495","1888","607","63","2488","1887","601","63","2491","1873","618","63","2491","1866","625","63","2496","1869","627","63","2495","1896","599","63","2490","1930","560","63","2483","1867","616","63","2492","1909","583","63","2495","1939","556","63","2492","1970","522","63","2492","1857","635","63","2497","1867","630","63","2483","1864","619","63","2492","1933","559","63","2485","1906","579","63","2490","1883","607","63","2490","1823","667","63","2493","1919","574","63","2494","1968","526","63","2495","1886","609","63","2494","1892","602","63","2494","1933","561","63","2494","1853","641","63","2488","1865","623","63","2488","1787","701","63","2495","1920","575","63","2498","1871","627"
,"64","2496","1880","616","64","2492","1903","589","64","2498","1888","610","64","2483","1884","599","64","2483","1878","605","64","2488","1869","619","64","2495","1865","630","64","2491","1900","591","64","2498","1932","566","64","2486","1869","617","64","2491","1908","583","64","2490","1946","544","64","2499","1964","535","64","2493","1849","644","64","2495","1857","638","64","2492","1862","630","64","2494","1935","559","64","2490","1905","585","64","2494","1878","616","64","2491","1810","681","64","2491","1919","572","64","2493","1959","534","64","2492","1891","601","64","2495","1898","597","64","2497","1937","560","64","2488","1848","640","64","2490","1857","633","64","2485","1771","714","64","2498","1916","582","64","2492","1870","622"
,"65","2486","1879","607","65","2495","1904","591","65","2495","1890","605","65","2485","1890","595","65","2493","1876","617","65","2490","1872","618","65","2494","1866","628","65","2494","1902","592","65","2493","1931","562","65","2486","1875","611","65","2495","1912","583","65","2492","1930","562","65","2498","1969","529","65","2496","1851","645","65","2488","1859","629","65","2487","1860","627","65","2487","1936","551","65","2489","1897","592","65","2489","1870","619","65","2488","1815","673","65","2494","1918","576","65","2491","1965","526","65","2492","1887","605","65","2493","1897","596","65","2494","1937","557","65","2493","1849","644","65","2491","1866","625","65","2485","1783","702","65","2496","1913","583","65","2492","1869","623"
,"66","2486","1880","606","66","2491","1900","591","66","2494","1898","596","66","2489","1891","598","66","2492","1874","618","66","2494","1878","616","66","2494","1865","629","66","2496","1908","588","66","2495","1933","562","66","2485","1872","613","66","2498","1905","593","66","2494","1942","552","66","2490","1969","521","66","2490","1852","638","66","2493","1850","643","66","2490","1862","628","66","2491","1933","558","66","2488","1892","596","66","2484","1875","609","66","2484","1818","666","66","2496","1916","580","66","2496","1963","533","66","2491","1892","599","66","2493","1894","599","66","2495","1935","560","66","2490","1838","652","66","2494","1864","630","66","2492","1784","708","66","2497","1920","577","66","2495","1867","628"
,"67","2493","1881","612","67","2496","1900","596","67","2490","1894","596","67","2487","1899","588","67","2492","1874","618","67","2495","1875","620","67","2497","1872","625","67","2493","1901","592","67","2497","1928","569","67","2477","1875","602","67","2495","1897","598","67","2496","1943","553","67","2496","1971","525","67","2496","1851","645","67","2478","1854","624","67","2489","1864","625","67","2490","1933","557","67","2489","1895","594","67","2495","1876","619","67","2487","1814","673","67","2495","1921","574","67","2495","1960","535","67","2492","1890","602","67","2486","1889","597","67","2495","1938","557","67","2492","1844","648","67","2493","1865","628","67","2496","1790","706","67","2491","1916","575","67","2492","1864","628"
,"68","2492","1877","615","68","2494","1890","604","68","2495","1892","603","68","2485","1888","597","68","2489","1877","612","68","2495","1883","612","68","2495","1867","628","68","2495","1904","591","68","2496","1932","564","68","2489","1879","610","68","2494","1894","600","68","2491","1941","550","68","2491","1970","521","68","2494","1852","642","68","2488","1856","632","68","2492","1862","630","68","2500","1939","561","68","2497","1893","604","68","2491","1875","616","68","2487","1816","671","68","2495","1918","577","68","2495","1966","529","68","2499","1893","606","68","2487","1889","598","68","2498","1935","563","68","2491","1853","638","68","2493","1861","632","68","2488","1774","714","68","2490","1920","570","68","2493","1869","624"
,"69","2495","1878","617","69","2492","1890","602","69","2489","1887","602","69","2489","1886","603","69","2485","1875","610","69","2497","1876","621","69","2491","1862","629","69","2496","1904","592","69","2493","1934","559","69","2487","1868","619","69","2491","1891","600","69","2490","1941","549","69","2494","1969","525","69","2497","1861","636","69","2492","1853","639","69","2483","1857","626","69","2491","1933","558","69","2491","1889","602","69","2487","1866","621","69","2488","1821","667","69","2498","1919","579","69","2496","1962","534","69","2498","1893","605","69","2496","1893","603","69","2497","1938","559","69","2493","1847","646","69","2487","1865","622","69","2493","1782","711","69","2496","1922","574","69","2494","1865","629"
,"70","2491","1874","617","70","2495","1891","604","70","2490","1888","602","70","2490","1880","610","70","2490","1877","613","70","2492","1870","622","70","2490","1878","612","70","2496","1900","596","70","2494","1930","564","70","2485","1871","614","70","2488","1895","593","70","2491","1939","552","70","2497","1972","525","70","2494","1856","638","70","2488","1851","637","70","2493","1858","635","70","2495","1933","562","70","2498","1903","595","70","2493","1874","619","70","2495","1819","676","70","2493","1920","573","70","2495","1964","531","70","2495","1891","604","70","2490","1891","599","70","2498","1940","558","70","2491","1844","647","70","2495","1870","625","70","2493","1781","712","70","2495","1914","581","70","2491","1868","623"
,"71","2489","1877","612","71","2491","1889","602","71","2495","1886","609","71","2491","1884","607","71","2489","1868","621","71","2486","1860","626","71","2495","1867","628","71","2497","1900","597","71","2492","1933","559","71","2490","1869","621","71","2490","1897","593","71","2495","1948","547","71","2498","1967","531","71","2492","1846","646","71","2493","1850","643","71","2490","1855","635","71","2491","1933","558","71","2497","1905","592","71","2488","1873","615","71","2492","1823","669","71","2495","1917","578","71","2492","1962","530","71","2498","1884","614","71","2497","1888","609","71","2498","1942","556","71","2495","1851","644","71","2495","1875","620","71","2491","1777","714","71","2495","1913","582","71","2496","1874","622"
,"72","2492","1879","613","72","2491","1892","599","72","2493","1886","607","72","2490","1891","599","72","2497","1873","624","72","2490","1870","620","72","2496","1867","629","72","2495","1899","596","72","2493","1928","565","72","2486","1871","615","72","2494","1898","596","72","2486","1942","544","72","2497","1969","528","72","2495","1848","647","72","2493","1848","645","72","2494","1856","638","72","2496","1926","570","72","2494","1907","587","72","2485","1864","621","72","2488","1816","672","72","2496","1916","580","72","2495","1963","532","72","2496","1881","615","72","2494","1882","612","72","2495","1943","552","72","2495","1846","649","72","2494","1873","621","72","2482","1777","705","72","2495","1917","578","72","2493","1863","630"
,"73","2492","1881","611","73","2497","1893","604","73","2491","1881","610","73","2495","1886","609","73","2488","1857","631","73","2492","1868","624","73","2494","1863","631","73","2496","1900","596","73","2496","1929","567","73","2486","1861","625","73","2492","1897","595","73","2488","1947","541","73","2493","1963","530","73","2491","1846","645","73","2493","1850","643","73","2489","1852","637","73","2491","1926","565","73","2493","1905","588","73","2497","1867","630","73","2484","1817","667","73","2493","1917","576","73","2495","1953","542","73","2496","1885","611","73","2493","1879","614","73","2498","1936","562","73","2494","1841","653","73","2493","1876","617","73","2488","1775","713","73","2491","1916","575","73","2496","1865","631"
,"74","2483","1878","605","74","2497","1896","601","74","2482","1879","603","74","2491","1886","605","74","2494","1866","628","74","2491","1876","615","74","2494","1865","629","74","2490","1901","589","74","2490","1923","567","74","2487","1870","617","74","2495","1899","596","74","2497","1946","551","74","2497","1973","524","74","2497","1848","649","74","2494","1852","642","74","2487","1854","633","74","2495","1929","566","74","2492","1905","587","74","2491","1869","622","74","2497","1826","671","74","2496","1915","581","74","2495","1955","540","74","2496","1882","614","74","2490","1890","600","74","2499","1937","562","74","2491","1836","655","74","2494","1876","618","74","2488","1770","718","74","2494","1913","581","74","2494","1861","633"
,"75","2489","1885","604","75","2497","1899","598","75","2487","1884","603","75","2496","1891","605","75","2484","1857","627","75","2494","1874","620","75","2498","1865","633","75","2495","1906","589","75","2491","1923","568","75","2480","1876","604","75","2497","1889","608","75","2487","1931","556","75","2497","1967","530","75","2494","1848","646","75","2492","1853","639","75","2489","1854","635","75","2494","1927","567","75","2495","1916","579","75","2488","1861","627","75","2498","1827","671","75","2496","1918","578","75","2497","1956","541","75","2490","1878","612","75","2494","1884","610","75","2498","1934","564","75","2489","1835","654","75","2491","1868","623","75","2487","1780","707","75","2490","1911","579","75","2495","1864","631"
,"76","2488","1877","611","76","2496","1900","596","76","2495","1888","607","76","2496","1887","609","76","2488","1860","628","76","2494","1875","619","76","2496","1863","633","76","2498","1904","594","76","2493","1927","566","76","2484","1876","608","76","2492","1886","606","76","2491","1940","551","76","2496","1968","528","76","2498","1845","653","76","2486","1847","639","76","2489","1853","636","76","2496","1938","558","76","2497","1920","577","76","2488","1863","625","76","2494","1824","670","76","2492","1919","573","76","2498","1956","542","76","2496","1876","620","76","2496","1887","609","76","2498","1937","561","76","2491","1830","661","76","2492","1872","620","76","2487","1787","700","76","2495","1909","586","76","2496","1871","625"
,"77","2492","1877","615","77","2493","1892","601","77","2494","1890","604","77","2496","1884","612","77","2493","1853","640","77","2493","1862","631","77","2496","1863","633","77","2499","1908","591","77","2491","1931","560","77","2489","1880","609","77","2491","1881","610","77","2486","1931","555","77","2495","1965","530","77","2489","1842","647","77","2490","1846","644","77","2488","1856","632","77","2493","1928","565","77","2497","1920","577","77","2488","1861","627","77","2494","1823","671","77","2498","1916","582","77","2495","1952","543","77","2495","1881","614","77","2490","1884","606","77","2494","1932","562","77","2486","1833","653","77","2490","1868","622","77","2491","1779","712","77","2491","1916","575","77","2494","1864","630"
,"78","2496","1883","613","78","2496","1899","597","78","2491","1883","608","78","2495","1877","618","78","2492","1858","634","78","2493","1867","626","78","2497","1865","632","78","2496","1904","592","78","2496","1938","558","78","2494","1878","616","78","2496","1886","610","78","2492","1941","551","78","2498","1965","533","78","2496","1842","654","78","2492","1848","644","78","2487","1859","628","78","2498","1934","564","78","2498","1921","577","78","2484","1860","624","78","2495","1823","672","78","2497","1914","583","78","2499","1959","540","78","2495","1874","621","78","2494","1878","616","78","2497","1931","566","78","2493","1833","660","78","2495","1866","629","78","2492","1778","714","78","2490","1915","575","78","2497","1864","633"
,"79","2493","1888","605","79","2494","1888","606","79","2495","1886","609","79","2487","1876","611","79","2492","1852","640","79","2497","1860","637","79","2497","1858","639","79","2500","1906","594","79","2493","1936","557","79","2491","1886","605","79","2485","1884","601","79","2497","1950","547","79","2499","1968","531","79","2495","1831","664","79","2487","1852","635","79","2494","1862","632","79","2495","1930","565","79","2493","1921","572","79","2495","1865","630","79","2487","1820","667","79","2496","1911","585","79","2496","1956","540","79","2497","1880","617","79","2498","1882","616","79","2497","1932","565","79","2490","1831","659","79","2497","1868","629","79","2494","1782","712","79","2493","1917","576","79","2497","1865","632"
,"80","2496","1886","610","80","2492","1896","596","80","2487","1882","605","80","2488","1877","611","80","2487","1845","642","80","2495","1857","638","80","2493","1854","639","80","2496","1904","592","80","2493","1933","560","80","2495","1894","601","80","2496","1888","608","80","2497","1943","554","80","2498","1970","528","80","2484","1830","654","80","2488","1850","638","80","2490","1860","630","80","2493","1928","565","80","2495","1921","574","80","2488","1866","622","80","2484","1820","664","80","2497","1913","584","80","2497","1961","536","80","2494","1868","626","80","2492","1880","612","80","2495","1928","567","80","2494","1825","669","80","2497","1870","627","80","2491","1789","702","80","2489","1915","574","80","2496","1869","627"
,"81","2495","1887","608","81","2497","1897","600","81","2493","1883","610","81","2489","1875","614","81","2493","1847","646","81","2494","1863","631","81","2494","1854","640","81","2494","1895","599","81","2493","1935","558","81","2494","1887","607","81","2494","1891","603","81","2495","1946","549","81","2498","1971","527","81","2489","1832","657","81","2498","1860","638","81","2492","1869","623","81","2497","1921","576","81","2494","1914","580","81","2491","1871","620","81","2494","1826","668","81","2497","1908","589","81","2499","1958","541","81","2496","1867","629","81","2490","1885","605","81","2495","1932","563","81","2493","1832","661","81","2498","1867","631","81","2494","1788","706","81","2495","1920","575","81","2496","1866","630"
,"82","2496","1879","617","82","2496","1893","603","82","2491","1876","615","82","2492","1884","608","82","2482","1852","630","82","2492","1861","631","82","2492","1857","635","82","2495","1898","597","82","2492","1935","557","82","2495","1889","606","82","2493","1893","600","82","2499","1942","557","82","2498","1970","528","82","2498","1833","665","82","2497","1850","647","82","2494","1867","627","82","2492","1919","573","82","2494","1912","582","82","2493","1870","623","82","2495","1829","666","82","2498","1913","585","82","2497","1953","544","82","2497","1876","621","82","2497","1890","607","82","2497","1929","568","82","2488","1831","657","82","2498","1863","635","82","2495","1787","708","82","2495","1922","573","82","2496","1860","636"
,"83","2494","1880","614","83","2498","1891","607","83","2492","1878","614","83","2495","1880","615","83","2497","1857","640","83","2487","1858","629","83","2494","1860","634","83","2495","1900","595","83","2492","1926","566","83","2493","1885","608","83","2494","1896","598","83","2493","1939","554","83","2500","1973","527","83","2495","1831","664","83","2491","1849","642","83","2492","1856","636","83","2491","1916","575","83","2495","1915","580","83","2495","1867","628","83","2493","1823","670","83","2498","1907","591","83","2495","1956","539","83","2495","1880","615","83","2492","1884","608","83","2496","1932","564","83","2487","1825","662","83","2500","1861","639","83","2486","1784","702","83","2496","1916","580","83","2494","1864","630"
,"84","2495","1882","613","84","2497","1890","607","84","2494","1879","615","84","2489","1872","617","84","2491","1853","638","84","2489","1869","620","84","2498","1859","639","84","2497","1896","601","84","2495","1934","561","84","2494","1882","612","84","2494","1895","599","84","2492","1942","550","84","2499","1970","529","84","2493","1824","669","84","2494","1848","646","84","2496","1857","639","84","2491","1915","576","84","2497","1915","582","84","2493","1863","630","84","2489","1817","672","84","2497","1906","591","84","2499","1954","545","84","2495","1883","612","84","2496","1884","612","84","2496","1929","567","84","2490","1835","655","84","2493","1851","642","84","2487","1783","704","84","2496","1917","579","84","2494","1861","633"
,"85","2494","1878","616","85","2496","1892","604","85","2496","1881","615","85","2489","1871","618","85","2488","1866","622","85","2499","1864","635","85","2496","1866","630","85","2492","1894","598","85","2494","1931","563","85","2493","1885","608","85","2493","1897","596","85","2495","1938","557","85","2497","1972","525","85","2498","1838","660","85","2495","1850","645","85","2492","1863","629","85","2495","1915","580","85","2493","1913","580","85","2491","1861","630","85","2497","1814","683","85","2496","1906","590","85","2493","1950","543","85","2496","1880","616","85","2491","1880","611","85","2498","1926","572","85","2492","1832","660","85","2499","1855","644","85","2490","1777","713","85","2494","1912","582","85","2489","1854","635"
,"86","2490","1874","616","86","2494","1888","606","86","2485","1875","610","86","2488","1879","609","86","2491","1863","628","86","2496","1865","631","86","2497","1859","638","86","2495","1894","601","86","2494","1935","559","86","2494","1886","608","86","2495","1895","600","86","2497","1942","555","86","2498","1969","529","86","2491","1825","666","86","2495","1847","648","86","2490","1855","635","86","2497","1918","579","86","2493","1907","586","86","2497","1865","632","86","2488","1818","670","86","2498","1903","595","86","2498","1948","550","86","2492","1874","618","86","2495","1880","615","86","2495","1924","571","86","2495","1842","653","86","2498","1860","638","86","2486","1771","715","86","2496","1922","574","86","2494","1856","638"
,"87","2491","1883","608","87","2496","1890","606","87","2493","1880","613","87","2486","1874","612","87","2486","1858","628","87","2494","1872","622","87","2490","1858","632","87","2495","1892","603","87","2496","1930","566","87","2494","1890","604","87","2491","1892","599","87","2498","1943","555","87","2497","1961","536","87","2495","1834","661","87","2493","1849","644","87","2496","1864","632","87","2492","1919","573","87","2496","1911","585","87","2482","1857","625","87","2495","1817","678","87","2496","1901","595","87","2495","1953","542","87","2495","1873","622","87","2496","1877","619","87","2496","1921","575","87","2492","1842","650","87","2494","1863","631","87","2493","1779","714","87","2498","1917","581","87","2490","1861","629"
,"88","2492","1878","614","88","2495","1885","610","88","2490","1880","610","88","2493","1870","623","88","2493","1865","628","88","2498","1869","629","88","2495","1862","633","88","2495","1885","610","88","2497","1937","560","88","2492","1889","603","88","2494","1893","601","88","2495","1940","555","88","2497","1955","542","88","2496","1840","656","88","2493","1855","638","88","2491","1864","627","88","2492","1908","584","88","2496","1906","590","88","2490","1864","626","88","2492","1814","678","88","2493","1895","598","88","2496","1950","546","88","2497","1879","618","88","2489","1877","612","88","2494","1926","568","88","2500","1837","663","88","2494","1860","634","88","2497","1780","717","88","2496","1914","582","88","2486","1847","639"
,"89","2495","1872","623","89","2496","1892","604","89","2497","1885","612","89","2487","1864","623","89","2490","1868","622","89","2494","1866","628","89","2489","1856","633","89","2494","1881","613","89","2494","1933","561","89","2491","1884","607","89","2491","1892","599","89","2500","1945","555","89","2500","1960","540","89","2492","1829","663","89","2492","1858","634","89","2494","1855","639","89","2493","1911","582","89","2498","1910","588","89","2497","1867","630","89","2492","1823","669","89","2493","1888","605","89","2497","1952","545","89","2496","1875","621","89","2495","1877","618","89","2496","1933","563","89","2492","1834","658","89","2496","1866","630","89","2496","1786","710","89","2497","1916","581","89","2487","1845","642"
,"90","2496","1876","620","90","2498","1887","611","90","2497","1888","609","90","2493","1869","624","90","2494","1870","624","90","2490","1854","636","90","2494","1856","638","90","2492","1882","610","90","2495","1935","560","90","2495","1881","614","90","2495","1894","601","90","2497","1942","555","90","2498","1956","542","90","2494","1827","667","90","2490","1856","634","90","2493","1850","643","90","2498","1914","584","90","2496","1912","584","90","2493","1865","628","90","2485","1820","665","90","2493","1887","606","90","2495","1947","548","90","2497","1870","627","90","2494","1875","619","90","2498","1933","565","90","2487","1836","651","90","2498","1867","631","90","2494","1787","707","90","2495","1915","580","90","2489","1846","643"
,"91","2494","1875","619","91","2496","1884","612","91","2498","1888","610","91","2486","1872","614","91","2494","1864","630","91","2496","1858","638","91","2499","1860","639","91","2489","1881","608","91","2491","1933","558","91","2489","1881","608","91","2492","1900","592","91","2493","1936","557","91","2496","1953","543","91","2493","1827","666","91","2488","1859","629","91","2493","1859","634","91","2495","1914","581","91","2496","1909","587","91","2491","1862","629","91","2494","1825","669","91","2495","1887","608","91","2496","1944","552","91","2490","1860","630","91","2494","1878","616","91","2497","1928","569","91","2493","1838","655","91","2491","1862","629","91","2496","1783","713","91","2495","1915","580","91","2490","1840","650"
,"92","2489","1876","613","92","2497","1885","612","92","2494","1889","605","92","2491","1877","614","92","2486","1855","631","92","2496","1862","634","92","2493","1861","632","92","2496","1882","614","92","2496","1928","568","92","2493","1886","607","92","2494","1910","584","92","2495","1942","553","92","2497","1952","545","92","2497","1831","666","92","2496","1863","633","92","2492","1858","634","92","2497","1916","581","92","2494","1912","582","92","2489","1857","632","92","2497","1823","674","92","2490","1884","606","92","2496","1948","548","92","2493","1862","631","92","2497","1872","625","92","2494","1928","566","92","2496","1842","654","92","2498","1862","636","92","2498","1779","719","92","2496","1906","590","92","2492","1842","650"
,"93","2495","1872","623","93","2491","1890","601","93","2497","1890","607","93","2489","1889","600","93","2492","1860","632","93","2496","1856","640","93","2488","1859","629","93","2495","1877","618","93","2494","1928","566","93","2491","1885","606","93","2488","1905","583","93","2495","1941","554","93","2498","1954","544","93","2493","1828","665","93","2493","1851","642","93","2494","1855","639","93","2500","1913","587","93","2498","1914","584","93","2496","1855","641","93","2493","1821","672","93","2492","1884","608","93","2496","1947","549","93","2497","1859","638","93","2496","1871","625","93","2493","1930","563","93","2496","1838","658","93","2499","1857","642","93","2498","1784","714","93","2499","1907","592","93","2487","1845","642"
,"94","2497","1876","621","94","2490","1878","612","94","2499","1893","606","94","2494","1886","608","94","2495","1860","635","94","2494","1862","632","94","2494","1862","632","94","2494","1880","614","94","2497","1933","564","94","2494","1880","614","94","2497","1908","589","94","2492","1940","552","94","2491","1955","536","94","2495","1829","666","94","2493","1843","650","94","2488","1849","639","94","2497","1918","579","94","2499","1913","586","94","2493","1849","644","94","2493","1824","669","94","2492","1884","608","94","2500","1949","551","94","2499","1867","632","94","2497","1870","627","94","2498","1924","574","94","2490","1837","653","94","2498","1853","645","94","2495","1783","712","94","2495","1907","588","94","2488","1850","638"
,"95","2492","1869","623","95","2498","1879","619","95","2493","1895","598","95","2496","1885","611","95","2490","1858","632","95","2495","1857","638","95","2496","1862","634","95","2495","1874","621","95","2492","1924","568","95","2491","1872","619","95","2493","1909","584","95","2498","1935","563","95","2494","1958","536","95","2495","1829","666","95","2492","1844","648","95","2494","1848","646","95","2500","1913","587","95","2494","1908","586","95","2495","1850","645","95","2495","1819","676","95","2492","1886","606","95","2498","1950","548","95","2496","1864","632","95","2494","1867","627","95","2497","1928","569","95","2499","1835","664","95","2499","1851","648","95","2494","1783","711","95","2498","1903","595","95","2488","1845","643"
,"96","2489","1873","616","96","2496","1881","615","96","2496","1890","606","96","2494","1884","610","96","2493","1859","634","96","2491","1848","643","96","2494","1855","639","96","2497","1875","622","96","2497","1930","567","96","2488","1869","619","96","2496","1912","584","96","2498","1932","566","96","2495","1961","534","96","2489","1823","666","96","2488","1836","652","96","2493","1845","648","96","2497","1910","587","96","2498","1904","594","96","2495","1847","648","96","2494","1820","674","96","2497","1885","612","96","2496","1950","546","96","2494","1856","638","96","2498","1861","637","96","2492","1928","564","96","2496","1840","656","96","2492","1847","645","96","2492","1777","715","96","2496","1900","596","96","2489","1843","646"
,"97","2492","1885","607","97","2491","1875","616","97","2496","1895","601","97","2493","1885","608","97","2490","1854","636","97","2493","1846","647","97","2493","1848","645","97","2493","1874","619","97","2493","1932","561","97","2488","1870","618","97","2496","1907","589","97","2493","1936","557","97","2499","1955","544","97","2498","1827","671","97","2491","1838","653","97","2493","1837","656","97","2496","1911","585","97","2495","1904","591","97","2488","1842","646","97","2491","1822","669","97","2493","1875","618","97","2494","1947","547","97","2493","1856","637","97","2495","1852","643","97","2497","1925","572","97","2498","1837","661","97","2498","1844","654","97","2495","1775","720","97","2490","1899","591","97","2489","1850","639"
,"98","2498","1888","610","98","2495","1873","622","98","2496","1890","606","98","2480","1879","601","98","2493","1855","638","98","2492","1845","647","98","2496","1846","650","98","2497","1877","620","98","2499","1930","569","98","2487","1870","617","98","2494","1907","587","98","2495","1930","565","98","2496","1953","543","98","2497","1830","667","98","2492","1837","655","98","2492","1830","662","98","2496","1910","586","98","2495","1903","592","98","2495","1845","650","98","2495","1823","672","98","2493","1877","616","98","2499","1950","549","98","2496","1852","644","98","2498","1855","643","98","2498","1929","569","98","2498","1834","664","98","2499","1845","654","98","2498","1779","719","98","2498","1901","597","98","2493","1845","648"
,"99","2495","1885","610","99","2492","1874","618","99","2498","1891","607","99","2490","1882","608","99","2492","1852","640","99","2493","1844","649","99","2489","1845","644","99","2496","1877","619","99","2496","1928","568","99","2497","1878","619","99","2500","1908","592","99","2495","1935","560","99","2497","1953","544","99","2495","1829","666","99","2489","1835","654","99","2481","1816","665","99","2499","1911","588","99","2493","1896","597","99","2491","1842","649","99","2489","1823","666","99","2494","1877","617","99","2497","1952","545","99","2492","1846","646","99","2491","1852","639","99","2499","1930","569","99","2495","1834","661","99","2497","1844","653","99","2492","1776","716","99","2495","1893","602","99","2497","1860","637"
,"100","2492","1879","613","100","2497","1870","627","100","2496","1889","607","100","2496","1880","616","100","2489","1852","637","100","2496","1842","654","100","2497","1844","653","100","2490","1873","617","100","2497","1922","575","100","2489","1876","613","100","2493","1906","587","100","2496","1934","562","100","2495","1955","540","100","2495","1827","668","100","2487","1836","651","100","2489","1826","663","100","2497","1910","587","100","2493","1898","595","100","2490","1846","644","100","2495","1804","691","100","2490","1878","612","100","2498","1951","547","100","2492","1846","646","100","2489","1849","640","100","2495","1920","575","100","2493","1839","654","100","2495","1844","651","100","2496","1775","721","100","2493","1903","590","100","2493","1851","642"
,"101","2496","1883","613","101","2491","1866","625","101","2495","1889","606","101","2492","1870","622","101","2492","1856","636","101","2491","1844","647","101","2489","1839","650","101","2499","1881","618","101","2494","1917","577","101","2496","1875","621","101","2498","1905","593","101","2491","1932","559","101","2495","1955","540","101","2493","1827","666","101","2488","1827","661","101","2486","1822","664","101","2495","1908","587","101","2495","1898","597","101","2492","1853","639","101","2489","1808","681","101","2495","1883","612","101","2495","1950","545","101","2498","1846","652","101","2495","1851","644","101","2500","1924","576","101","2498","1839","659","101","2498","1842","656","101","2496","1775","721","101","2494","1897","597","101","2497","1857","640"
,"102","2494","1876","618","102","2489","1866","623","102","2498","1890","608","102","2493","1869","624","102","2496","1852","644","102","2498","1844","654","102","2493","1838","655","102","2494","1880","614","102","2495","1924","571","102","2495","1879","616","102","2489","1899","590","102","2496","1934","562","102","2498","1964","534","102","2495","1818","677","102","2490","1833","657","102","2493","1826","667","102","2492","1902","590","102","2498","1908","590","102","2497","1852","645","102","2489","1803","686","102","2493","1884","609","102","2497","1952","545","102","2498","1843","655","102","2494","1853","641","102","2493","1922","571","102","2492","1833","659","102","2497","1842","655","102","2498","1778","720","102","2495","1902","593","102","2498","1849","649"
,"103","2492","1863","629","103","2485","1856","629","103","2495","1892","603","103","2493","1879","614","103","2488","1844","644","103","2488","1835","653","103","2490","1832","658","103","2488","1876","612","103","2489","1921","568","103","2491","1872","619","103","2488","1895","593","103","2493","1938","555","103","2496","1965","531","103","2492","1814","678","103","2490","1829","661","103","2489","1828","661","103","2491","1896","595","103","2495","1902","593","103","2490","1846","644","103","2488","1803","685","103","2494","1886","608","103","2496","1950","546","103","2493","1835","658","103","2488","1846","642","103","2491","1922","569","103","2494","1822","672","103","2492","1839","653","103","2495","1777","718","103","2491","1901","590","103","2488","1842","646"
,"104","2493","1863","630","104","2486","1852","634","104","2494","1883","611","104","2487","1868","619","104","2489","1839","650","104","2488","1827","661","104","2488","1828","660","104","2491","1882","609","104","2492","1915","577","104","2487","1864","623","104","2493","1898","595","104","2486","1937","549","104","2492","1958","534","104","2493","1808","685","104","2490","1826","664","104","2489","1822","667","104","2493","1895","598","104","2495","1895","600","104","2486","1848","638","104","2488","1795","693","104","2490","1870","620","104","2489","1941","548","104","2492","1827","665","104","2486","1836","650","104","2490","1913","577","104","2482","1807","675","104","2486","1839","647","104","2485","1767","718","104","2489","1896","593","104","2481","1829","652"
,"105","2481","1851","630","105","2483","1842","641","105","2488","1869","619","105","2489","1857","632","105","2484","1829","655","105","2483","1820","663","105","2480","1814","666","105","2485","1864","621","105","2486","1912","574","105","2479","1856","623","105","2490","1886","604","105","2483","1912","571","105","2488","1951","537","105","2483","1799","684","105","2481","1816","665","105","2481","1820","661","105","2487","1881","606","105","2484","1882","602","105","2483","1836","647","105","2491","1789","702","105","2488","1865","623","105","2483","1930","553","105","2485","1812","673","105","2485","1826","659","105","2487","1900","587","105","2487","1804","683","105","2480","1825","655","105","2489","1764","725","105","2494","1900","594","105","2482","1827","655"
,"106","2480","1847","633","106","2470","1829","641","106","2476","1849","627","106","2483","1843","640","106","2476","1813","663","106","2484","1809","675","106","2479","1805","674","106","2475","1831","644","106","2473","1887","586","106","2474","1842","632","106","2485","1875","610","106","2458","1875","583","106","2482","1929","553","106","2478","1788","690","106","2481","1807","674","106","2481","1809","672","106","2486","1869","617","106","2480","1873","607","106","2481","1821","660","106","2481","1782","699","106","2475","1856","619","106","2477","1908","569","106","2474","1783","691","106","2464","1800","664","106","2481","1886","595","106","2479","1783","696","106","2470","1814","656","106","2485","1754","731","106","2486","1880","606","106","2474","1819","655"
,"107","2473","1835","638","107","2468","1805","663","107","2466","1833","633","107","2482","1827","655","107","2479","1812","667","107","2470","1798","672","107","2467","1779","688","107","2463","1814","649","107","2467","1853","614","107","2475","1839","636","107","2479","1861","618","107","2467","1859","608","107","2465","1906","559","107","2470","1762","708","107","2477","1802","675","107","2486","1796","690","107","2470","1855","615","107","2482","1864","618","107","2471","1798","673","107","2482","1767","715","107","2464","1830","634","107","2464","1868","596","107","2464","1753","711","107","2465","1779","686","107","2474","1867","607","107","2465","1755","710","107","2462","1781","681","107","2471","1721","750","107","2476","1868","608","107","2466","1793","673"
,"108","2481","1831","650","108","2459","1771","688","108","2467","1809","658","108","2475","1809","666","108","2466","1786","680","108","2470","1791","679","108","2478","1780","698","108","2472","1799","673","108","2450","1823","627","108","2475","1837","638","108","2477","1842","635","108","2468","1850","618","108","2467","1887","580","108","2475","1736","739","108","2475","1793","682","108","2476","1771","705","108","2468","1832","636","108","2480","1855","625","108","2473","1786","687","108","2481","1753","728","108","2479","1826","653","108","2460","1834","626","108","2450","1708","742","108","2486","1766","720","108","2466","1843","623","108","2457","1730","727","108","2472","1771","701","108","2469","1695","774","108","2475","1845","630","108","2456","1772","684"
,"109","2475","1819","656","109","2463","1748","715","109","2471","1789","682","109","2466","1799","667","109","2479","1777","702","109","2463","1775","688","109","2471","1755","716","109","2470","1774","696","109","2450","1801","649","109","2479","1833","646","109","2463","1824","639","109","2474","1837","637","109","2460","1861","599","109","2461","1707","754","109","2476","1780","696","109","2468","1748","720","109","2460","1813","647","109","2470","1828","642","109","2478","1777","701","109","2480","1742","738","109","2469","1800","669","109","2470","1822","648","109","2467","1699","768","109","2480","1738","742","109","2459","1811","648","109","2466","1713","753","109","2478","1756","722","109","2474","1694","780","109","2456","1814","642","109","2465","1748","717"
,"110","2473","1806","667","110","2469","1751","718","110","2468","1763","705","110","2473","1786","687","110","2467","1754","713","110","2471","1747","724","110","2471","1719","752","110","2482","1766","716","110","2452","1781","671","110","2471","1813","658","110","2471","1807","664","110","2479","1831","648","110","2465","1851","614","110","2459","1686","773","110","2468","1762","706","110","2469","1739","730","110","2466","1800","666","110","2461","1800","661","110","2466","1749","717","110","2483","1744","739","110","2469","1786","683","110","2469","1807","662","110","2459","1675","784","110","2477","1719","758","110","2473","1821","652","110","2468","1697","771","110","2475","1734","741","110","2460","1671","789","110","2468","1804","664","110","2463","1732","731"
,"111","2476","1805","671","111","2463","1726","737","111","2466","1761","705","111","2468","1762","706","111","2474","1746","728","111","2463","1749","714","111","2472","1717","755","111","2476","1751","725","111","2469","1766","703","111","2475","1802","673","111","2476","1795","681","111","2472","1821","651","111","2468","1828","640","111","2478","1680","798","111","2463","1748","715","111","2469","1713","756","111","2456","1788","668","111","2478","1804","674","111","2465","1735","730","111","2476","1727","749","111","2471","1763","708","111","2482","1815","667","111","2478","1684","794","111","2472","1706","766","111","2470","1811","659","111","2468","1699","769","111","2483","1729","754","111","2472","1657","815","111","2476","1799","677","111","2469","1737","732"
,"112","2480","1778","702","112","2478","1736","742","112","2467","1748","719","112","2465","1749","716","112","2479","1732","747","112","2469","1727","742","112","2479","1702","777","112","2477","1730","747","112","2472","1781","691","112","2480","1791","689","112","2468","1778","690","112","2479","1824","655","112","2474","1831","643","112","2471","1671","800","112","2468","1748","720","112","2478","1712","766","112","2478","1780","698","112","2478","1802","676","112","2475","1742","733","112","2476","1716","760","112","2462","1751","711","112","2480","1814","666","112","2475","1664","811","112","2470","1677","793","112","2484","1819","665","112","2461","1684","777","112","2483","1719","764","112","2477","1666","811","112","2467","1793","674","112","2477","1725","752"
,"113","2472","1771","701","113","2477","1711","766","113","2482","1747","735","113","2462","1744","718","113","2479","1732","747","113","2474","1723","751","113","2471","1690","781","113","2485","1727","758","113","2474","1771","703","113","2482","1793","689","113","2482","1794","688","113","2486","1832","654","113","2487","1823","664","113","2466","1647","819","113","2479","1735","744","113","2483","1717","766","113","2477","1783","694","113","2472","1778","694","113","2466","1722","744","113","2478","1715","763","113","2468","1734","734","113","2478","1788","690","113","2471","1658","813","113","2475","1674","801","113","2488","1791","697","113","2473","1684","789","113","2484","1721","763","113","2486","1660","826","113","2480","1793","687","113","2472","1726","746"
,"114","2476","1750","726","114","2474","1715","759","114","2481","1731","750","114","2465","1730","735","114","2473","1718","755","114","2477","1728","749","114","2477","1684","793","114","2489","1734","755","114","2473","1787","686","114","2479","1785","694","114","2477","1792","685","114","2477","1821","656","114","2486","1826","660","114","2483","1651","832","114","2479","1743","736","114","2474","1711","763","114","2477","1775","702","114","2474","1763","711","114","2468","1696","772","114","2480","1710","770","114","2466","1729","737","114","2463","1773","690","114","2481","1660","821","114","2483","1682","801","114","2478","1790","688","114","2486","1685","801","114","2475","1700","775","114","2469","1646","823","114","2486","1793","693","114","2480","1711","769"
,"115","2468","1739","729","115","2482","1710","772","115","2475","1740","735","115","2467","1731","736","115","2472","1723","749","115","2483","1726","757","115","2469","1680","789","115","2481","1721","760","115","2481","1792","689","115","2481","1776","705","115","2476","1788","688","115","2484","1814","670","115","2487","1829","658","115","2482","1653","829","115","2483","1747","736","115","2478","1713","765","115","2468","1764","704","115","2477","1753","724","115","2458","1686","772","115","2479","1691","788","115","2475","1716","759","115","2477","1780","697","115","2469","1651","818","115","2476","1665","811","115","2481","1790","691","115","2469","1679","790","115","2462","1700","762","115","2480","1657","823","115","2484","1778","706","115","2478","1716","762"
,"116","2485","1748","737","116","2479","1715","764","116","2476","1736","740","116","2470","1736","734","116","2473","1709","764","116","2479","1726","753","116","2473","1676","797","116","2481","1711","770","116","2485","1792","693","116","2481","1787","694","116","2473","1780","693","116","2478","1813","665","116","2487","1836","651","116","2478","1656","822","116","2489","1757","732","116","2486","1710","776","116","2476","1758","718","116","2474","1744","730","116","2462","1695","767","116","2472","1689","783","116","2465","1726","739","116","2483","1786","697","116","2479","1651","828","116","2470","1666","804","116","2481","1785","696","116","2479","1675","804","116","2478","1709","769","116","2484","1657","827","116","2488","1768","720","116","2481","1705","776"
,"117","2480","1737","743","117","2468","1711","757","117","2481","1733","748","117","2456","1711","745","117","2476","1712","764","117","2479","1718","761","117","2472","1673","799","117","2493","1714","779","117","2482","1787","695","117","2476","1771","705","117","2485","1783","702","117","2482","1816","666","117","2493","1833","660","117","2475","1649","826","117","2486","1756","730","117","2483","1709","774","117","2483","1765","718","117","2475","1734","741","117","2466","1676","790","117","2485","1684","801","117","2477","1733","744","117","2486","1773","713","117","2470","1639","831","117","2464","1671","793","117","2491","1788","703","117","2479","1683","796","117","2487","1712","775","117","2477","1651","826","117","2483","1762","721","117","2486","1703","783"
,"118","2478","1740","738","118","2478","1716","762","118","2471","1726","745","118","2461","1730","731","118","2470","1699","771","118","2484","1719","765","118","2468","1678","790","118","2483","1702","781","118","2482","1784","698","118","2472","1767","705","118","2481","1775","706","118","2490","1820","670","118","2491","1821","670","118","2465","1633","832","118","2475","1746","729","118","2477","1694","783","118","2469","1767","702","118","2483","1734","749","118","2460","1692","768","118","2470","1678","792","118","2476","1733","743","118","2483","1758","725","118","2483","1645","838","118","2473","1678","795","118","2492","1793","699","118","2489","1692","797","118","2486","1698","788","118","2487","1635","852","118","2472","1762","710","118","2488","1700","788"
,"119","2480","1736","744","119","2479","1709","770","119","2483","1731","752","119","2464","1714","750","119","2470","1715","755","119","2483","1715","768","119","2472","1682","790","119","2471","1691","780","119","2479","1783","696","119","2475","1758","717","119","2475","1758","717","119","2486","1816","670","119","2485","1811","674","119","2476","1634","842","119","2478","1754","724","119","2473","1692","781","119","2477","1766","711","119","2480","1724","756","119","2470","1677","793","119","2480","1665","815","119","2479","1736","743","119","2475","1754","721","119","2464","1644","820","119","2474","1665","809","119","2491","1791","700","119","2478","1669","809","119","2487","1701","786","119","2476","1632","844","119","2479","1757","722","119","2468","1692","776"
,"120","2477","1730","747","120","2472","1714","758","120","2476","1734","742","120","2471","1728","743","120","2474","1715","759","120","2478","1705","773","120","2489","1682","807","120","2486","1696","790","120","2481","1779","702","120","2482","1752","730","120","2473","1768","705","120","2487","1808","679","120","2489","1805","684","120","2467","1640","827","120","2486","1743","743","120","2486","1691","795","120","2485","1768","717","120","2477","1726","751","120","2460","1674","786","120","2478","1668","810","120","2472","1739","733","120","2481","1762","719","120","2478","1633","845","120","2468","1664","804","120","2482","1781","701","120","2480","1672","808","120","2487","1701","786","120","2484","1632","852","120","2481","1761","720","120","2467","1702","765"
,"121","2481","1748","733","121","2480","1719","761","121","2481","1735","746","121","2474","1739","735","121","2474","1714","760","121","2478","1698","780","121","2487","1688","799","121","2483","1697","786","121","2477","1787","690","121","2477","1744","733","121","2477","1774","703","121","2487","1809","678","121","2485","1806","679","121","2475","1645","830","121","2476","1743","733","121","2487","1684","803","121","2484","1762","722","121","2487","1715","772","121","2473","1670","803","121","2473","1671","802","121","2468","1743","725","121","2473","1750","723","121","2461","1618","843","121","2473","1671","802","121","2482","1797","685","121","2477","1671","806","121","2486","1697","789","121","2478","1625","853","121","2486","1765","721","121","2474","1709","765"
,"122","2480","1733","747","122","2474","1698","776","122","2476","1741","735","122","2474","1734","740","122","2478","1718","760","122","2481","1683","798","122","2475","1683","792","122","2487","1695","792","122","2487","1792","695","122","2480","1739","741","122","2483","1772","711","122","2481","1806","675","122","2487","1801","686","122","2478","1657","821","122","2484","1733","751","122","2479","1684","795","122","2481","1746","735","122","2478","1719","759","122","2471","1661","810","122","2472","1660","812","122","2473","1740","733","122","2484","1734","750","122","2475","1616","859","122","2478","1671","807","122","2481","1793","688","122","2476","1668","808","122","2480","1693","787","122","2487","1629","858","122","2487","1768","719","122","2473","1697","776"
,"123","2478","1733","745","123","2467","1696","771","123","2473","1734","739","123","2478","1735","743","123","2462","1713","749","123","2477","1680","797","123","2484","1688","796","123","2477","1694","783","123","2468","1784","684","123","2478","1726","752","123","2486","1784","702","123","2484","1818","666","123","2485","1805","680","123","2478","1655","823","123","2489","1734","755","123","2486","1686","800","123","2489","1753","736","123","2473","1725","748","123","2454","1657","797","123","2478","1666","812","123","2478","1734","744","123","2483","1735","748","123","2472","1613","859","123","2465","1664","801","123","2492","1793","699","123","2479","1667","812","123","2478","1687","791","123","2480","1629","851","123","2490","1778","712","123","2475","1702","773"
,"124","2483","1733","750","124","2474","1699","775","124","2479","1737","742","124","2484","1725","759","124","2476","1702","774","124","2475","1677","798","124","2487","1673","814","124","2483","1687","796","124","2484","1796","688","124","2475","1723","752","124","2473","1775","698","124","2491","1809","682","124","2483","1794","689","124","2476","1657","819","124","2486","1719","767","124","2479","1684","795","124","2481","1753","728","124","2484","1742","742","124","2459","1677","782","124","2480","1659","821","124","2473","1741","732","124","2471","1733","738","124","2476","1623","853","124","2468","1662","806","124","2489","1784","705","124","2476","1677","799","124","2482","1693","789","124","2485","1620","865","124","2484","1769","715","124","2474","1696","778"
,"125","2483","1732","751","125","2471","1690","781","125","2479","1737","742","125","2485","1724","761","125","2462","1703","759","125","2474","1687","787","125","2481","1667","814","125","2485","1690","795","125","2478","1784","694","125","2479","1717","762","125","2477","1771","706","125","2491","1811","680","125","2487","1791","696","125","2478","1657","821","125","2485","1732","753","125","2476","1683","793","125","2485","1742","743","125","2481","1736","745","125","2473","1675","798","125","2475","1662","813","125","2482","1739","743","125","2482","1740","742","125","2484","1630","854","125","2474","1669","805","125","2485","1773","712","125","2480","1673","807","125","2479","1683","796","125","2479","1612","867","125","2478","1767","711","125","2474","1695","779"
,"126","2477","1732","745","126","2465","1678","787","126","2475","1738","737","126","2480","1721","759","126","2468","1706","762","126","2477","1695","782","126","2478","1657","821","126","2483","1692","791","126","2475","1781","694","126","2477","1720","757","126","2480","1763","717","126","2488","1815","673","126","2486","1792","694","126","2477","1663","814","126","2490","1742","748","126","2475","1687","788","126","2482","1749","733","126","2484","1740","744","126","2460","1676","784","126","2481","1669","812","126","2483","1748","735","126","2475","1739","736","126","2471","1630","841","126","2477","1665","812","126","2487","1767","720","126","2480","1685","795","126","2483","1694","789","126","2477","1606","871","126","2485","1770","715","126","2473","1704","769"
,"127","2475","1728","747","127","2471","1690","781","127","2482","1729","753","127","2473","1723","750","127","2475","1709","766","127","2478","1686","792","127","2475","1661","814","127","2477","1678","799","127","2478","1773","705","127","2465","1720","745","127","2485","1765","720","127","2494","1810","684","127","2484","1794","690","127","2472","1649","823","127","2477","1738","739","127","2483","1702","781","127","2489","1746","743","127","2485","1730","755","127","2464","1686","778","127","2488","1671","817","127","2479","1737","742","127","2484","1745","739","127","2472","1636","836","127","2472","1662","810","127","2475","1758","717","127","2481","1680","801","127","2485","1695","790","127","2479","1602","877","127","2475","1770","705","127","2487","1706","781"
,"128","2478","1733","745","128","2472","1692","780","128","2476","1719","757","128","2479","1719","760","128","2472","1709","763","128","2478","1690","788","128","2482","1658","824","128","2482","1684","798","128","2477","1774","703","128","2471","1727","744","128","2484","1761","723","128","2493","1812","681","128","2487","1793","694","128","2478","1663","815","128","2481","1737","744","128","2478","1695","783","128","2484","1743","741","128","2483","1726","757","128","2464","1683","781","128","2473","1659","814","128","2476","1728","748","128","2490","1739","751","128","2479","1652","827","128","2464","1643","821","128","2483","1762","721","128","2482","1675","807","128","2479","1686","793","128","2478","1615","863","128","2490","1767","723","128","2478","1695","783"
,"129","2471","1747","724","129","2477","1702","775","129","2475","1732","743","129","2474","1713","761","129","2473","1706","767","129","2479","1691","788","129","2482","1655","827","129","2481","1692","789","129","2477","1768","709","129","2472","1726","746","129","2487","1761","726","129","2485","1816","669","129","2483","1798","685","129","2482","1666","816","129","2491","1748","743","129","2482","1693","789","129","2484","1752","732","129","2478","1718","760","129","2463","1687","776","129","2477","1666","811","129","2485","1723","762","129","2485","1738","747","129","2467","1631","836","129","2471","1646","825","129","2481","1776","705","129","2477","1675","802","129","2481","1683","798","129","2480","1618","862","129","2486","1774","712","129","2482","1703","779"
,"130","2481","1738","743","130","2466","1693","773","130","2474","1738","736","130","2466","1712","754","130","2477","1713","764","130","2474","1679","795","130","2476","1657","819","130","2483","1676","807","130","2471","1761","710","130","2483","1732","751","130","2477","1756","721","130","2488","1814","674","130","2486","1789","697","130","2488","1657","831","130","2478","1740","738","130","2479","1680","799","130","2487","1738","749","130","2479","1725","754","130","2468","1697","771","130","2482","1657","825","130","2482","1740","742","130","2481","1736","745","130","2479","1632","847","130","2472","1657","815","130","2486","1771","715","130","2478","1662","816","130","2485","1687","798","130","2486","1617","869","130","2480","1761","719","130","2480","1707","773"
,"131","2482","1738","744","131","2476","1698","778","131","2484","1737","747","131","2483","1716","767","131","2467","1710","757","131","2482","1680","802","131","2482","1662","820","131","2473","1674","799","131","2475","1762","713","131","2467","1718","749","131","2476","1755","721","131","2493","1809","684","131","2487","1784","703","131","2480","1668","812","131","2488","1745","743","131","2481","1679","802","131","2489","1725","764","131","2482","1717","765","131","2468","1695","773","131","2481","1664","817","131","2481","1727","754","131","2475","1736","739","131","2476","1642","834","131","2473","1647","826","131","2477","1774","703","131","2479","1664","815","131","2481","1684","797","131","2478","1611","867","131","2484","1764","720","131","2480","1692","788"
,"132","2485","1742","743","132","2470","1699","771","132","2470","1738","732","132","2474","1702","772","132","2478","1714","764","132","2482","1681","801","132","2481","1664","817","132","2476","1673","803","132","2477","1768","709","132","2478","1718","760","132","2477","1757","720","132","2488","1805","683","132","2487","1779","708","132","2487","1670","817","132","2487","1734","753","132","2488","1699","789","132","2489","1724","765","132","2480","1711","769","132","2471","1695","776","132","2483","1660","823","132","2471","1723","748","132","2480","1739","741","132","2481","1635","846","132","2474","1645","829","132","2481","1777","704","132","2475","1649","826","132","2477","1680","797","132","2479","1615","864","132","2479","1760","719","132","2487","1703","784"
,"133","2479","1740","739","133","2463","1696","767","133","2478","1735","743","133","2477","1699","778","133","2474","1721","753","133","2487","1681","806","133","2471","1676","795","133","2478","1671","807","133","2482","1769","713","133","2468","1713","755","133","2480","1751","729","133","2479","1795","684","133","2478","1778","700","133","2476","1669","807","133","2474","1738","736","133","2482","1690","792","133","2475","1724","751","133","2477","1712","765","133","2483","1704","779","133","2485","1659","826","133","2478","1729","749","133","2478","1745","733","133","2471","1633","838","133","2465","1654","811","133","2483","1776","707","133","2486","1661","825","133","2480","1692","788","133","2479","1611","868","133","2487","1756","731","133","2475","1691","784"
,"134","2481","1732","749","134","2476","1701","775","134","2489","1729","760","134","2468","1707","761","134","2471","1717","754","134","2476","1683","793","134","2475","1660","815","134","2476","1673","803","134","2481","1780","701","134","2479","1713","766","134","2485","1751","734","134","2478","1797","681","134","2483","1780","703","134","2476","1648","828","134","2486","1733","753","134","2477","1693","784","134","2474","1723","751","134","2475","1713","762","134","2478","1703","775","134","2482","1657","825","134","2473","1728","745","134","2484","1740","744","134","2474","1626","848","134","2474","1653","821","134","2472","1770","702","134","2472","1661","811","134","2481","1684","797","134","2471","1608","863","134","2477","1764","713","134","2485","1691","794"
,"135","2482","1727","755","135","2480","1706","774","135","2487","1728","759","135","2469","1713","756","135","2472","1723","749","135","2482","1678","804","135","2477","1671","806","135","2486","1681","805","135","2481","1777","704","135","2466","1713","753","135","2473","1736","737","135","2487","1798","689","135","2487","1780","707","135","2485","1653","832","135","2486","1737","749","135","2474","1693","781","135","2478","1728","750","135","2486","1703","783","135","2467","1705","762","135","2484","1667","817","135","2485","1740","745","135","2478","1728","750","135","2467","1623","844","135","2483","1663","820","135","2482","1760","722","135","2481","1668","813","135","2488","1685","803","135","2477","1600","877","135","2483","1771","712","135","2488","1690","798"
,"136","2483","1736","747","136","2482","1698","784","136","2477","1715","762","136","2464","1703","761","136","2481","1728","753","136","2491","1677","814","136","2474","1662","812","136","2478","1679","799","136","2481","1775","706","136","2473","1721","752","136","2478","1748","730","136","2479","1783","696","136","2485","1776","709","136","2475","1652","823","136","2473","1743","730","136","2477","1688","789","136","2488","1730","758","136","2486","1709","777","136","2482","1694","788","136","2478","1652","826","136","2480","1740","740","136","2483","1729","754","136","2472","1620","852","136","2476","1655","821","136","2485","1768","717","136","2468","1665","803","136","2484","1673","811","136","2467","1596","871","136","2481","1762","719","136","2482","1687","795"
,"137","2473","1742","731","137","2483","1702","781","137","2490","1726","764","137","2466","1702","764","137","2486","1737","749","137","2483","1676","807","137","2480","1665","815","137","2474","1672","802","137","2472","1773","699","137","2470","1719","751","137","2477","1749","728","137","2489","1785","704","137","2483","1777","706","137","2478","1653","825","137","2482","1746","736","137","2483","1695","788","137","2476","1727","749","137","2478","1702","776","137","2466","1695","771","137","2485","1650","835","137","2478","1740","738","137","2479","1735","744","137","2468","1614","854","137","2468","1662","806","137","2475","1760","715","137","2478","1654","824","137","2477","1679","798","137","2465","1605","860","137","2490","1759","731","137","2482","1686","796"
,"138","2478","1731","747","138","2477","1695","782","138","2477","1719","758","138","2470","1712","758","138","2475","1735","740","138","2483","1669","814","138","2479","1656","823","138","2483","1674","809","138","2483","1780","703","138","2480","1726","754","138","2478","1749","729","138","2482","1792","690","138","2491","1786","705","138","2488","1656","832","138","2484","1739","745","138","2477","1683","794","138","2483","1735","748","138","2483","1696","787","138","2475","1703","772","138","2488","1652","836","138","2478","1737","741","138","2489","1750","739","138","2485","1609","876","138","2481","1661","820","138","2486","1765","721","138","2471","1660","811","138","2482","1683","799","138","2467","1610","857","138","2477","1759","718","138","2475","1674","801"
,"139","2479","1728","751","139","2474","1694","780","139","2482","1717","765","139","2465","1707","758","139","2483","1724","759","139","2488","1673","815","139","2479","1664","815","139","2483","1671","812","139","2482","1769","713","139","2481","1729","752","139","2480","1746","734","139","2484","1787","697","139","2484","1786","698","139","2476","1659","817","139","2481","1735","746","139","2486","1683","803","139","2488","1747","741","139","2485","1704","781","139","2477","1695","782","139","2475","1646","829","139","2479","1728","751","139","2483","1735","748","139","2471","1592","879","139","2478","1654","824","139","2483","1761","722","139","2470","1661","809","139","2483","1684","799","139","2463","1608","855","139","2487","1767","720","139","2474","1672","802"
,"140","2488","1727","761","140","2480","1689","791","140","2483","1712","771","140","2460","1683","777","140","2474","1726","748","140","2487","1673","814","140","2475","1662","813","140","2482","1673","809","140","2477","1770","707","140","2481","1739","742","140","2475","1738","737","140","2486","1797","689","140","2485","1788","697","140","2482","1657","825","140","2478","1733","745","140","2482","1680","802","140","2478","1752","726","140","2475","1698","777","140","2463","1695","768","140","2479","1647","832","140","2482","1738","744","140","2485","1727","758","140","2469","1600","869","140","2477","1657","820","140","2490","1769","721","140","2479","1659","820","140","2481","1674","807","140","2461","1605","856","140","2490","1763","727","140","2478","1677","801"
,"141","2484","1727","757","141","2473","1682","791","141","2485","1703","782","141","2460","1698","762","141","2479","1726","753","141","2484","1666","818","141","2470","1658","812","141","2484","1670","814","141","2476","1761","715","141","2480","1743","737","141","2473","1729","744","141","2489","1784","705","141","2489","1787","702","141","2486","1657","829","141","2475","1722","753","141","2474","1680","794","141","2480","1746","734","141","2484","1710","774","141","2473","1697","776","141","2484","1658","826","141","2480","1735","745","141","2469","1730","739","141","2479","1599","880","141","2483","1658","825","141","2478","1776","702","141","2471","1649","822","141","2490","1673","817","141","2474","1601","873","141","2486","1753","733","141","2477","1673","804"
,"142","2477","1721","756","142","2483","1687","796","142","2479","1702","777","142","2460","1701","759","142","2480","1728","752","142","2492","1666","826","142","2463","1660","803","142","2478","1683","795","142","2487","1767","720","142","2478","1739","739","142","2480","1730","750","142","2483","1789","694","142","2488","1785","703","142","2481","1655","826","142","2482","1722","760","142","2475","1668","807","142","2479","1749","730","142","2486","1712","774","142","2468","1707","761","142","2472","1648","824","142","2476","1744","732","142","2474","1724","750","142","2462","1601","861","142","2468","1653","815","142","2479","1762","717","142","2482","1658","824","142","2473","1672","801","142","2467","1598","869","142","2474","1746","728","142","2480","1681","799"
,"143","2481","1726","755","143","2475","1686","789","143","2479","1712","767","143","2460","1716","744","143","2474","1723","751","143","2475","1661","814","143","2470","1672","798","143","2484","1674","810","143","2485","1769","716","143","2482","1742","740","143","2482","1733","749","143","2490","1809","681","143","2484","1785","699","143","2476","1660","816","143","2476","1721","755","143","2468","1662","806","143","2478","1737","741","143","2484","1704","780","143","2469","1704","765","143","2473","1648","825","143","2480","1745","735","143","2468","1722","746","143","2475","1598","877","143","2475","1658","817","143","2486","1764","722","143","2480","1649","831","143","2483","1678","805","143","2462","1596","866","143","2480","1748","732","143","2476","1681","795"
,"144","2477","1712","765","144","2479","1689","790","144","2483","1705","778","144","2474","1706","768","144","2477","1721","756","144","2484","1656","828","144","2478","1663","815","144","2481","1665","816","144","2484","1758","726","144","2477","1743","734","144","2474","1729","745","144","2489","1794","695","144","2482","1779","703","144","2487","1672","815","144","2471","1723","748","144","2472","1662","810","144","2485","1737","748","144","2480","1713","767","144","2468","1708","760","144","2479","1648","831","144","2472","1739","733","144","2478","1722","756","144","2476","1597","879","144","2463","1653","810","144","2483","1760","723","144","2482","1657","825","144","2482","1672","810","144","2466","1603","863","144","2475","1753","722","144","2477","1680","797"
,"145","2477","1726","751","145","2476","1685","791","145","2481","1710","771","145","2468","1707","761","145","2480","1729","751","145","2485","1668","817","145","2480","1672","808","145","2484","1664","820","145","2477","1756","721","145","2479","1751","728","145","2478","1733","745","145","2483","1798","685","145","2488","1785","703","145","2484","1668","816","145","2491","1723","768","145","2469","1653","816","145","2484","1733","751","145","2487","1710","777","145","2462","1699","763","145","2484","1643","841","145","2485","1749","736","145","2479","1731","748","145","2468","1594","874","145","2459","1650","809","145","2481","1758","723","145","2479","1656","823","145","2489","1671","818","145","2473","1607","866","145","2478","1745","733","145","2465","1691","774"
,"146","2485","1713","772","146","2460","1679","781","146","2475","1709","766","146","2462","1704","758","146","2483","1726","757","146","2483","1664","819","146","2483","1678","805","146","2479","1664","815","146","2477","1751","726","146","2484","1766","718","146","2469","1724","745","146","2489","1793","696","146","2482","1779","703","146","2488","1664","824","146","2485","1724","761","146","2478","1662","816","146","2477","1734","743","146","2486","1702","784","146","2469","1711","758","146","2477","1632","845","146","2488","1739","749","146","2483","1728","755","146","2475","1601","874","146","2480","1661","819","146","2487","1757","730","146","2482","1661","821","146","2474","1675","799","146","2468","1592","876","146","2477","1749","728","146","2469","1681","788"
,"147","2479","1725","754","147","2465","1693","772","147","2484","1713","771","147","2472","1705","767","147","2475","1726","749","147","2485","1684","801","147","2481","1661","820","147","2485","1661","824","147","2482","1758","724","147","2483","1761","722","147","2478","1734","744","147","2483","1789","694","147","2489","1784","705","147","2477","1657","820","147","2473","1725","748","147","2478","1662","816","147","2475","1741","734","147","2477","1703","774","147","2477","1714","763","147","2475","1632","843","147","2485","1743","742","147","2489","1731","758","147","2462","1598","864","147","2471","1665","806","147","2490","1757","733","147","2482","1654","828","147","2487","1671","816","147","2465","1596","869","147","2476","1755","721","147","2465","1686","779"
,"148","2477","1728","749","148","2467","1692","775","148","2484","1710","774","148","2475","1713","762","148","2481","1733","748","148","2489","1685","804","148","2480","1661","819","148","2466","1652","814","148","2479","1762","717","148","2491","1766","725","148","2467","1748","719","148","2492","1790","702","148","2478","1781","697","148","2486","1655","831","148","2481","1730","751","148","2460","1659","801","148","2481","1749","732","148","2484","1702","782","148","2469","1706","763","148","2483","1621","862","148","2475","1747","728","148","2484","1729","755","148","2470","1600","870","148","2477","1665","812","148","2485","1765","720","148","2481","1649","832","148","2480","1659","821","148","2478","1606","872","148","2484","1751","733","148","2474","1689","785"
,"149","2478","1733","745","149","2460","1697","763","149","2486","1713","773","149","2467","1708","759","149","2477","1730","747","149","2475","1676","799","149","2487","1674","813","149","2462","1660","802","149","2477","1750","727","149","2476","1758","718","149","2475","1749","726","149","2485","1784","701","149","2482","1774","708","149","2482","1658","824","149","2470","1720","750","149","2478","1658","820","149","2475","1747","728","149","2476","1697","779","149","2474","1699","775","149","2485","1625","860","149","2479","1746","733","149","2485","1730","755","149","2467","1597","870","149","2464","1651","813","149","2483","1753","730","149","2477","1648","829","149","2478","1664","814","149","2467","1604","863","149","2480","1743","737","149","2475","1685","790"
,"150","2479","1750","729","150","2463","1693","770","150","2487","1708","779","150","2463","1719","744","150","2488","1732","756","150","2487","1675","812","150","2481","1671","810","150","2475","1660","815","150","2476","1763","713","150","2477","1767","710","150","2471","1760","711","150","2485","1788","697","150","2480","1773","707","150","2477","1656","821","150","2476","1723","753","150","2477","1661","816","150","2480","1748","732","150","2479","1715","764","150","2469","1689","780","150","2475","1613","862","150","2478","1735","743","150","2481","1736","745","150","2466","1606","860","150","2476","1664","812","150","2479","1768","711","150","2477","1639","838","150","2476","1667","809","150","2476","1612","864","150","2482","1748","734","150","2475","1686","789"
,"151","2484","1746","738","151","2475","1678","797","151","2484","1704","780","151","2466","1727","739","151","2479","1726","753","151","2482","1660","822","151","2479","1662","817","151","2474","1666","808","151","2486","1763","723","151","2477","1774","703","151","2475","1758","717","151","2489","1786","703","151","2479","1776","703","151","2479","1659","820","151","2479","1715","764","151","2472","1665","807","151","2481","1738","743","151","2479","1712","767","151","2474","1692","782","151","2471","1621","850","151","2482","1736","746","151","2482","1738","744","151","2470","1610","860","151","2470","1648","822","151","2489","1768","721","151","2474","1653","821","151","2477","1647","830","151","2466","1612","854","151","2475","1741","734","151","2455","1672","783"
,"152","2490","1750","740","152","2467","1684","783","152","2478","1704","774","152","2481","1733","748","152","2475","1728","747","152","2470","1668","802","152","2472","1661","811","152","2471","1668","803","152","2492","1772","720","152","2484","1768","716","152","2476","1765","711","152","2482","1786","696","152","2475","1774","701","152","2476","1653","823","152","2482","1730","752","152","2473","1668","805","152","2481","1750","731","152","2481","1714","767","152","2473","1691","782","152","2471","1627","844","152","2486","1729","757","152","2484","1741","743","152","2466","1590","876","152","2470","1652","818","152","2483","1774","709","152","2470","1658","812","152","2483","1655","828","152","2469","1626","843","152","2486","1748","738","152","2476","1683","793"
,"153","2474","1733","741","153","2475","1690","785","153","2471","1688","783","153","2477","1725","752","153","2485","1722","763","153","2476","1656","820","153","2479","1646","833","153","2472","1678","794","153","2482","1764","718","153","2480","1770","710","153","2482","1754","728","153","2484","1783","701","153","2481","1773","708","153","2479","1651","828","153","2475","1730","745","153","2481","1673","808","153","2487","1762","725","153","2480","1705","775","153","2485","1695","790","153","2477","1621","856","153","2479","1735","744","153","2481","1740","741","153","2474","1593","881","153","2476","1661","815","153","2489","1763","726","153","2480","1656","824","153","2483","1656","827","153","2480","1619","861","153","2483","1739","744","153","2488","1686","802"
,"154","2478","1724","754","154","2483","1695","788","154","2478","1702","776","154","2486","1732","754","154","2480","1718","762","154","2467","1659","808","154","2484","1657","827","154","2473","1678","795","154","2483","1760","723","154","2484","1763","721","154","2483","1755","728","154","2485","1781","704","154","2477","1777","700","154","2486","1646","840","154","2468","1724","744","154","2481","1670","811","154","2479","1741","738","154","2468","1711","757","154","2465","1693","772","154","2486","1626","860","154","2479","1738","741","154","2477","1734","743","154","2466","1582","884","154","2481","1674","807","154","2492","1768","724","154","2475","1656","819","154","2480","1654","826","154","2478","1620","858","154","2477","1748","729","154","2472","1680","792"
,"155","2478","1724","754","155","2482","1698","784","155","2483","1704","779","155","2479","1729","750","155","2467","1710","757","155","2473","1657","816","155","2472","1650","822","155","2481","1684","797","155","2479","1764","715","155","2490","1768","722","155","2485","1751","734","155","2477","1782","695","155","2491","1775","716","155","2479","1652","827","155","2486","1734","752","155","2467","1660","807","155","2485","1749","736","155","2479","1727","752","155","2468","1698","770","155","2472","1617","855","155","2482","1737","745","155","2486","1744","742","155","2477","1591","886","155","2478","1673","805","155","2486","1762","724","155","2481","1642","839","155","2486","1657","829","155","2474","1623","851","155","2480","1751","729","155","2471","1683","788"
,"156","2477","1721","756","156","2481","1690","791","156","2485","1714","771","156","2467","1716","751","156","2481","1707","774","156","2476","1660","816","156","2473","1662","811","156","2484","1686","798","156","2481","1765","716","156","2484","1762","722","156","2465","1744","721","156","2486","1788","698","156","2478","1773","705","156","2481","1653","828","156","2492","1726","766","156","2468","1673","795","156","2486","1741","745","156","2480","1725","755","156","2476","1711","765","156","2478","1613","865","156","2490","1733","757","156","2486","1734","752","156","2476","1617","859","156","2482","1675","807","156","2484","1756","728","156","2479","1652","827","156","2489","1667","822","156","2476","1625","851","156","2488","1752","736","156","2483","1689","794"
,"157","2471","1716","755","157","2479","1690","789","157","2486","1714","772","157","2468","1722","746","157","2474","1706","768","157","2482","1661","821","157","2469","1674","795","157","2492","1698","794","157","2487","1767","720","157","2491","1762","729","157","2479","1736","743","157","2481","1777","704","157","2478","1779","699","157","2481","1659","822","157","2485","1730","755","157","2475","1672","803","157","2487","1740","747","157","2483","1708","775","157","2475","1704","771","157","2471","1613","858","157","2484","1730","754","157","2476","1742","734","157","2478","1611","867","157","2485","1684","801","157","2489","1758","731","157","2470","1648","822","157","2486","1658","828","157","2476","1626","850","157","2485","1736","749","157","2477","1691","786"
,"158","2468","1723","745","158","2476","1691","785","158","2485","1719","766","158","2472","1707","765","158","2479","1704","775","158","2471","1671","800","158","2476","1659","817","158","2486","1683","803","158","2478","1767","711","158","2485","1754","731","158","2474","1735","739","158","2484","1794","690","158","2486","1786","700","158","2475","1654","821","158","2480","1726","754","158","2464","1665","799","158","2487","1747","740","158","2468","1724","744","158","2468","1692","776","158","2476","1617","859","158","2475","1726","749","158","2480","1752","728","158","2479","1607","872","158","2493","1691","802","158","2481","1754","727","158","2466","1649","817","158","2484","1661","823","158","2480","1623","857","158","2482","1728","754","158","2477","1686","791"
,"159","2474","1727","747","159","2467","1681","786","159","2477","1718","759","159","2467","1701","766","159","2473","1715","758","159","2487","1681","806","159","2479","1671","808","159","2485","1683","802","159","2477","1758","719","159","2483","1744","739","159","2475","1721","754","159","2487","1799","688","159","2486","1779","707","159","2472","1653","819","159","2479","1716","763","159","2477","1675","802","159","2485","1756","729","159","2477","1727","750","159","2474","1702","772","159","2475","1615","860","159","2477","1710","767","159","2489","1752","737","159","2470","1608","862","159","2485","1685","800","159","2489","1756","733","159","2469","1661","808","159","2484","1650","834","159","2467","1623","844","159","2482","1724","758","159","2475","1696","779"
,"160","2484","1729","755","160","2471","1687","784","160","2475","1707","768","160","2472","1707","765","160","2483","1709","774","160","2477","1676","801","160","2476","1669","807","160","2481","1679","802","160","2469","1755","714","160","2492","1735","757","160","2475","1716","759","160","2487","1795","692","160","2481","1773","708","160","2488","1660","828","160","2484","1731","753","160","2474","1671","803","160","2488","1750","738","160","2489","1735","754","160","2469","1687","782","160","2468","1609","859","160","2474","1722","752","160","2483","1753","730","160","2473","1618","855","160","2474","1679","795","160","2485","1760","725","160","2476","1674","802","160","2483","1653","830","160","2469","1622","847","160","2477","1733","744","160","2475","1681","794"
,"161","2480","1737","743","161","2469","1697","772","161","2485","1714","771","161","2470","1715","755","161","2480","1715","765","161","2483","1673","810","161","2472","1664","808","161","2477","1682","795","161","2473","1747","726","161","2479","1732","747","161","2477","1729","748","161","2489","1795","694","161","2480","1779","701","161","2471","1650","821","161","2480","1720","760","161","2466","1664","802","161","2487","1748","739","161","2481","1735","746","161","2470","1700","770","161","2475","1612","863","161","2479","1727","752","161","2484","1753","731","161","2478","1611","867","161","2485","1678","807","161","2487","1762","725","161","2479","1665","814","161","2474","1661","813","161","2473","1622","851","161","2478","1722","756","161","2475","1697","778"
,"162","2486","1739","747","162","2480","1696","784","162","2484","1725","759","162","2469","1714","755","162","2476","1718","758","162","2479","1672","807","162","2480","1666","814","162","2481","1683","798","162","2471","1745","726","162","2491","1729","762","162","2479","1735","744","162","2487","1792","695","162","2482","1784","698","162","2468","1651","817","162","2484","1718","766","162","2464","1681","783","162","2490","1745","745","162","2479","1744","735","162","2476","1707","769","162","2475","1605","870","162","2481","1737","744","162","2483","1755","728","162","2470","1606","864","162","2483","1677","806","162","2485","1767","718","162","2488","1667","821","162","2477","1642","835","162","2473","1634","839","162","2480","1722","758","162","2485","1698","787"
,"163","2486","1731","755","163","2474","1694","780","163","2482","1723","759","163","2481","1709","772","163","2476","1719","757","163","2484","1671","813","163","2480","1660","820","163","2468","1666","802","163","2484","1752","732","163","2479","1715","764","163","2478","1731","747","163","2482","1785","697","163","2487","1784","703","163","2477","1646","831","163","2474","1712","762","163","2475","1678","797","163","2482","1747","735","163","2486","1740","746","163","2479","1702","777","163","2469","1594","875","163","2484","1743","741","163","2480","1754","726","163","2477","1599","878","163","2477","1673","804","163","2484","1769","715","163","2465","1661","804","163","2482","1652","830","163","2484","1640","844","163","2485","1731","754","163","2477","1695","782"
,"164","2476","1722","754","164","2479","1692","787","164","2473","1719","754","164","2464","1717","747","164","2478","1721","757","164","2480","1669","811","164","2474","1659","815","164","2476","1675","801","164","2480","1745","735","164","2482","1716","766","164","2486","1740","746","164","2490","1788","702","164","2480","1783","697","164","2480","1639","841","164","2486","1721","765","164","2482","1677","805","164","2486","1752","734","164","2490","1749","741","164","2476","1697","779","164","2477","1615","862","164","2485","1757","728","164","2487","1757","730","164","2465","1596","869","164","2479","1673","806","164","2485","1768","717","164","2482","1663","819","164","2478","1629","849","164","2484","1636","848","164","2480","1732","748","164","2480","1690","790"
,"165","2483","1732","751","165","2473","1687","786","165","2481","1713","768","165","2464","1713","751","165","2481","1720","761","165","2477","1661","816","165","2476","1664","812","165","2477","1676","801","165","2478","1761","717","165","2476","1705","771","165","2464","1743","721","165","2490","1789","701","165","2488","1790","698","165","2476","1647","829","165","2489","1722","767","165","2468","1684","784","165","2490","1752","738","165","2480","1743","737","165","2485","1707","778","165","2470","1623","847","165","2484","1745","739","165","2490","1764","726","165","2481","1595","886","165","2484","1662","822","165","2485","1767","718","165","2475","1657","818","165","2480","1633","847","165","2488","1633","855","165","2487","1726","761","165","2477","1693","784"
,"166","2481","1733","748","166","2476","1693","783","166","2480","1720","760","166","2460","1712","748","166","2475","1723","752","166","2472","1665","807","166","2484","1660","824","166","2482","1680","802","166","2478","1756","722","166","2479","1708","771","166","2477","1748","729","166","2483","1789","694","166","2479","1792","687","166","2483","1654","829","166","2487","1718","769","166","2480","1691","789","166","2492","1748","744","166","2484","1749","735","166","2470","1695","775","166","2475","1607","868","166","2483","1743","740","166","2490","1759","731","166","2474","1590","884","166","2488","1671","817","166","2491","1763","728","166","2465","1652","813","166","2477","1643","834","166","2481","1637","844","166","2479","1715","764","166","2457","1685","772"
,"167","2471","1731","740","167","2476","1689","787","167","2485","1719","766","167","2464","1714","750","167","2480","1725","755","167","2480","1667","813","167","2474","1652","822","167","2493","1675","818","167","2484","1756","728","167","2480","1712","768","167","2481","1735","746","167","2490","1791","699","167","2480","1796","684","167","2477","1648","829","167","2484","1708","776","167","2463","1684","779","167","2483","1744","739","167","2481","1754","727","167","2478","1693","785","167","2476","1614","862","167","2484","1756","728","167","2486","1753","733","167","2467","1599","868","167","2483","1659","824","167","2486","1755","731","167","2476","1650","826","167","2487","1643","844","167","2476","1624","852","167","2488","1721","767","167","2475","1700","775"
,"168","2475","1716","759","168","2478","1701","777","168","2478","1718","760","168","2478","1716","762","168","2469","1713","756","168","2485","1670","815","168","2478","1663","815","168","2486","1677","809","168","2476","1752","724","168","2475","1723","752","168","2480","1726","754","168","2486","1788","698","168","2483","1791","692","168","2474","1638","836","168","2479","1709","770","168","2475","1698","777","168","2491","1750","741","168","2474","1745","729","168","2478","1697","781","168","2473","1613","860","168","2477","1746","731","168","2485","1753","732","168","2475","1601","874","168","2472","1651","821","168","2483","1758","725","168","2475","1653","822","168","2479","1635","844","168","2481","1622","859","168","2484","1723","761","168","2473","1694","779"
,"169","2481","1723","758","169","2471","1697","774","169","2485","1716","769","169","2473","1707","766","169","2469","1723","746","169","2489","1670","819","169","2474","1655","819","169","2485","1680","805","169","2478","1750","728","169","2473","1716","757","169","2479","1729","750","169","2484","1788","696","169","2480","1784","696","169","2489","1644","845","169","2476","1711","765","169","2473","1687","786","169","2480","1727","753","169","2487","1742","745","169","2478","1694","784","169","2476","1610","866","169","2478","1750","728","169","2490","1752","738","169","2471","1599","872","169","2483","1653","830","169","2489","1760","729","169","2478","1651","827","169","2481","1630","851","169","2480","1617","863","169","2477","1711","766","169","2471","1708","763"
,"170","2481","1725","756","170","2472","1695","777","170","2494","1719","775","170","2471","1697","774","170","2474","1721","753","170","2484","1666","818","170","2478","1646","832","170","2482","1665","817","170","2478","1756","722","170","2476","1711","765","170","2479","1724","755","170","2483","1786","697","170","2479","1787","692","170","2476","1648","828","170","2474","1703","771","170","2479","1690","789","170","2489","1733","756","170","2480","1749","731","170","2477","1704","773","170","2469","1607","862","170","2485","1749","736","170","2483","1738","745","170","2477","1610","867","170","2480","1650","830","170","2482","1770","712","170","2477","1649","828","170","2481","1644","837","170","2475","1622","853","170","2473","1712","761","170","2463","1692","771"
,"171","2475","1721","754","171","2473","1697","776","171","2487","1712","775","171","2469","1701","768","171","2475","1711","764","171","2482","1670","812","171","2463","1632","831","171","2481","1664","817","171","2478","1741","737","171","2472","1716","756","171","2475","1719","756","171","2485","1787","698","171","2474","1786","688","171","2484","1650","834","171","2481","1714","767","171","2483","1706","777","171","2483","1728","755","171","2484","1743","741","171","2464","1699","765","171","2472","1616","856","171","2487","1747","740","171","2480","1741","739","171","2478","1609","869","171","2480","1656","824","171","2485","1776","709","171","2468","1645","823","171","2481","1638","843","171","2479","1624","855","171","2480","1719","761","171","2463","1704","759"
,"172","2481","1727","754","172","2476","1694","782","172","2481","1708","773","172","2470","1697","773","172","2472","1716","756","172","2479","1668","811","172","2459","1634","825","172","2476","1666","810","172","2474","1756","718","172","2484","1726","758","172","2475","1737","738","172","2486","1787","699","172","2476","1783","693","172","2480","1652","828","172","2479","1719","760","172","2484","1707","777","172","2481","1727","754","172","2486","1739","747","172","2476","1685","791","172","2471","1607","864","172","2487","1743","744","172","2485","1733","752","172","2481","1609","872","172","2477","1664","813","172","2485","1772","713","172","2471","1642","829","172","2472","1628","844","172","2484","1632","852","172","2477","1717","760","172","2457","1697","760"
,"173","2480","1726","754","173","2470","1694","776","173","2491","1712","779","173","2454","1704","750","173","2481","1713","768","173","2484","1668","816","173","2472","1641","831","173","2485","1679","806","173","2473","1755","718","173","2479","1712","767","173","2474","1726","748","173","2493","1786","707","173","2477","1784","693","173","2484","1660","824","173","2484","1712","772","173","2489","1709","780","173","2476","1721","755","173","2492","1743","749","173","2482","1689","793","173","2461","1608","853","173","2475","1741","734","173","2493","1749","744","173","2464","1606","858","173","2481","1671","810","173","2490","1774","716","173","2460","1648","812","173","2484","1634","850","173","2476","1637","839","173","2482","1729","753","173","2464","1698","766"
,"174","2480","1725","755","174","2465","1700","765","174","2489","1707","782","174","2471","1713","758","174","2481","1711","770","174","2481","1659","822","174","2485","1642","843","174","2479","1677","802","174","2478","1746","732","174","2479","1716","763","174","2482","1733","749","174","2489","1777","712","174","2477","1784","693","174","2478","1651","827","174","2485","1721","764","174","2465","1701","764","174","2477","1718","759","174","2478","1732","746","174","2478","1686","792","174","2464","1606","858","174","2474","1739","735","174","2484","1742","742","174","2463","1606","857","174","2474","1660","814","174","2489","1774","715","174","2474","1645","829","174","2481","1637","844","174","2473","1630","843","174","2485","1730","755","174","2480","1702","778"
,"175","2486","1733","753","175","2475","1703","772","175","2488","1721","767","175","2476","1721","755","175","2468","1694","774","175","2480","1654","826","175","2466","1638","828","175","2477","1673","804","175","2477","1759","718","175","2474","1709","765","175","2477","1744","733","175","2487","1767","720","175","2485","1794","691","175","2486","1657","829","175","2482","1711","771","175","2481","1700","781","175","2483","1718","765","175","2475","1739","736","175","2474","1694","780","175","2479","1600","879","175","2488","1746","742","175","2485","1741","744","175","2472","1620","852","175","2476","1660","816","175","2478","1767","711","175","2455","1641","814","175","2471","1629","842","175","2486","1628","858","175","2484","1731","753","175","2468","1705","763"
,"176","2488","1736","752","176","2474","1700","774","176","2485","1722","763","176","2464","1712","752","176","2481","1705","776","176","2476","1649","827","176","2474","1640","834","176","2465","1661","804","176","2484","1753","731","176","2483","1718","765","176","2472","1740","732","176","2487","1767","720","176","2484","1779","705","176","2485","1659","826","176","2481","1695","786","176","2483","1709","774","176","2484","1728","756","176","2473","1736","737","176","2468","1696","772","176","2474","1602","872","176","2488","1746","742","176","2483","1734","749","176","2476","1620","856","176","2480","1650","830","176","2487","1765","722","176","2475","1644","831","176","2478","1626","852","176","2472","1626","846","176","2487","1739","748","176","2478","1704","774"
,"177","2479","1733","746","177","2475","1702","773","177","2484","1717","767","177","2475","1722","753","177","2487","1719","768","177","2482","1656","826","177","2465","1637","828","177","2468","1665","803","177","2474","1751","723","177","2481","1723","758","177","2473","1751","722","177","2482","1770","712","177","2480","1784","696","177","2479","1654","825","177","2483","1697","786","177","2485","1710","775","177","2481","1720","761","177","2482","1730","752","177","2480","1700","780","177","2473","1604","869","177","2486","1747","739","177","2487","1750","737","177","2483","1625","858","177","2480","1657","823","177","2486","1763","723","177","2479","1654","825","177","2477","1645","832","177","2485","1637","848","177","2477","1733","744","177","2478","1699","779"
,"178","2491","1744","747","178","2474","1698","776","178","2488","1717","771","178","2484","1734","750","178","2485","1714","771","178","2480","1664","816","178","2475","1629","846","178","2473","1668","805","178","2482","1752","730","178","2484","1719","765","178","2484","1756","728","178","2491","1773","718","178","2488","1786","702","178","2479","1665","814","178","2482","1695","787","178","2481","1717","764","178","2480","1736","744","178","2483","1742","741","178","2480","1688","792","178","2470","1606","864","178","2480","1743","737","178","2485","1751","734","178","2479","1631","848","178","2489","1653","836","178","2487","1764","723","178","2467","1657","810","178","2479","1646","833","178","2482","1635","847","178","2466","1735","731","178","2472","1705","767"
,"179","2491","1736","755","179","2475","1697","778","179","2484","1707","777","179","2474","1717","757","179","2477","1710","767","179","2476","1665","811","179","2474","1623","851","179","2474","1667","807","179","2475","1750","725","179","2476","1717","759","179","2480","1749","731","179","2486","1772","714","179","2480","1791","689","179","2477","1666","811","179","2484","1693","791","179","2477","1715","762","179","2484","1737","747","179","2487","1733","754","179","2486","1689","797","179","2470","1621","849","179","2488","1747","741","179","2490","1753","737","179","2476","1631","845","179","2472","1642","830","179","2487","1758","729","179","2478","1644","834","179","2482","1654","828","179","2483","1631","852","179","2488","1736","752","179","2486","1700","786"
,"180","2485","1736","749","180","2475","1702","773","180","2482","1712","770","180","2473","1710","763","180","2479","1722","757","180","2477","1665","812","180","2448","1631","817","180","2483","1685","798","180","2482","1746","736","180","2475","1714","761","180","2474","1750","724","180","2489","1779","710","180","2486","1806","680","180","2488","1670","818","180","2482","1691","791","180","2478","1701","777","180","2482","1736","746","180","2479","1724","755","180","2468","1691","777","180","2478","1626","852","180","2489","1744","745","180","2482","1753","729","180","2474","1620","854","180","2475","1640","835","180","2487","1759","728","180","2468","1649","819","180","2484","1648","836","180","2476","1622","854","180","2490","1738","752","180","2480","1704","776"
,"181","2486","1733","753","181","2479","1697","782","181","2484","1714","770","181","2475","1708","767","181","2482","1712","770","181","2490","1664","826","181","2465","1648","817","181","2475","1682","793","181","2486","1742","744","181","2476","1717","759","181","2480","1747","733","181","2489","1767","722","181","2486","1802","684","181","2485","1667","818","181","2484","1704","780","181","2479","1691","788","181","2488","1737","751","181","2488","1733","755","181","2480","1702","778","181","2474","1626","848","181","2489","1731","758","181","2483","1756","727","181","2481","1626","855","181","2478","1642","836","181","2489","1765","724","181","2476","1641","835","181","2479","1655","824","181","2481","1620","861","181","2489","1730","759","181","2481","1707","774"
,"182","2486","1718","768","182","2470","1692","778","182","2488","1708","780","182","2474","1716","758","182","2482","1718","764","182","2484","1670","814","182","2471","1646","825","182","2477","1683","794","182","2482","1750","732","182","2484","1720","764","182","2474","1749","725","182","2486","1779","707","182","2492","1805","687","182","2480","1659","821","182","2477","1691","786","182","2484","1697","787","182","2486","1732","754","182","2481","1723","758","182","2483","1691","792","182","2482","1624","858","182","2481","1729","752","182","2481","1744","737","182","2467","1621","846","182","2474","1636","838","182","2475","1760","715","182","2473","1643","830","182","2481","1666","815","182","2475","1619","856","182","2479","1740","739","182","2480","1707","773"
,"183","2478","1712","766","183","2477","1702","775","183","2482","1716","766","183","2474","1732","742","183","2483","1713","770","183","2481","1669","812","183","2477","1648","829","183","2474","1697","777","183","2482","1757","725","183","2478","1713","765","183","2479","1751","728","183","2484","1775","709","183","2495","1812","683","183","2491","1659","832","183","2484","1697","787","183","2482","1714","768","183","2481","1730","751","183","2482","1735","747","183","2481","1694","787","183","2478","1622","856","183","2486","1735","751","183","2490","1747","743","183","2478","1628","850","183","2474","1641","833","183","2490","1749","741","183","2475","1644","831","183","2484","1665","819","183","2477","1613","864","183","2485","1739","746","183","2479","1703","776"
,"184","2478","1723","755","184","2484","1700","784","184","2486","1707","779","184","2482","1719","763","184","2472","1709","763","184","2471","1653","818","184","2482","1632","850","184","2480","1697","783","184","2479","1743","736","184","2476","1718","758","184","2489","1744","745","184","2486","1779","707","184","2489","1804","685","184","2486","1658","828","184","2474","1689","785","184","2482","1700","782","184","2478","1740","738","184","2490","1740","750","184","2477","1702","775","184","2478","1619","859","184","2482","1735","747","184","2478","1742","736","184","2486","1630","856","184","2485","1640","845","184","2478","1749","729","184","2472","1651","821","184","2483","1674","809","184","2470","1608","862","184","2479","1738","741","184","2486","1702","784"
,"185","2480","1710","770","185","2469","1695","774","185","2480","1707","773","185","2479","1711","768","185","2482","1723","759","185","2474","1671","803","185","2482","1637","845","185","2477","1686","791","185","2486","1755","731","185","2489","1717","772","185","2479","1742","737","185","2488","1789","699","185","2483","1793","690","185","2479","1665","814","185","2477","1697","780","185","2478","1691","787","185","2489","1733","756","185","2491","1730","761","185","2474","1691","783","185","2473","1603","870","185","2482","1733","749","185","2482","1737","745","185","2476","1638","838","185","2479","1649","830","185","2478","1749","729","185","2478","1639","839","185","2475","1665","810","185","2466","1601","865","185","2484","1740","744","185","2477","1711","766"
,"186","2478","1714","764","186","2479","1697","782","186","2484","1713","771","186","2476","1726","750","186","2480","1712","768","186","2486","1664","822","186","2475","1634","841","186","2477","1669","808","186","2482","1754","728","186","2482","1717","765","186","2478","1737","741","186","2477","1781","696","186","2485","1790","695","186","2490","1663","827","186","2475","1690","785","186","2483","1696","787","186","2471","1730","741","186","2485","1732","753","186","2482","1676","806","186","2483","1601","882","186","2489","1734","755","186","2489","1749","740","186","2486","1618","868","186","2475","1648","827","186","2489","1762","727","186","2476","1645","831","186","2487","1661","826","186","2472","1606","866","186","2487","1763","724","186","2486","1716","770"
,"187","2484","1729","755","187","2481","1701","780","187","2489","1705","784","187","2478","1736","742","187","2483","1728","755","187","2480","1673","807","187","2468","1636","832","187","2484","1679","805","187","2483","1758","725","187","2480","1713","767","187","2470","1742","728","187","2486","1768","718","187","2486","1792","694","187","2487","1661","826","187","2481","1683","798","187","2479","1696","783","187","2486","1724","762","187","2492","1732","760","187","2486","1681","805","187","2484","1615","869","187","2495","1732","763","187","2480","1731","749","187","2484","1629","855","187","2480","1653","827","187","2484","1758","726","187","2479","1637","842","187","2485","1652","833","187","2482","1610","872","187","2485","1750","735","187","2480","1709","771"
,"188","2481","1720","761","188","2481","1700","781","188","2481","1703","778","188","2468","1717","751","188","2484","1718","766","188","2476","1675","801","188","2474","1649","825","188","2475","1682","793","188","2484","1757","727","188","2487","1716","771","188","2480","1737","743","188","2482","1765","717","188","2490","1797","693","188","2486","1656","830","188","2483","1684","799","188","2474","1684","790","188","2475","1724","751","188","2491","1737","754","188","2482","1684","798","188","2482","1604","878","188","2485","1726","759","188","2489","1738","751","188","2477","1620","857","188","2481","1659","822","188","2489","1772","717","188","2473","1642","831","188","2485","1651","834","188","2474","1609","865","188","2482","1744","738","188","2482","1718","764"
,"189","2473","1710","763","189","2481","1698","783","189","2473","1700","773","189","2470","1722","748","189","2480","1727","753","189","2485","1676","809","189","2472","1638","834","189","2482","1682","800","189","2484","1741","743","189","2487","1718","769","189","2475","1733","742","189","2482","1762","720","189","2488","1805","683","189","2484","1654","830","189","2478","1681","797","189","2483","1684","799","189","2486","1717","769","189","2491","1739","752","189","2483","1698","785","189","2488","1609","879","189","2478","1727","751","189","2484","1725","759","189","2480","1620","860","189","2483","1661","822","189","2486","1757","729","189","2471","1638","833","189","2482","1657","825","189","2480","1612","868","189","2486","1751","735","189","2480","1708","772"
,"190","2474","1711","763","190","2476","1710","766","190","2483","1700","783","190","2480","1724","756","190","2480","1720","760","190","2483","1669","814","190","2480","1629","851","190","2483","1682","801","190","2484","1751","733","190","2474","1716","758","190","2477","1734","743","190","2490","1774","716","190","2491","1813","678","190","2484","1650","834","190","2480","1693","787","190","2480","1690","790","190","2475","1714","761","190","2493","1742","751","190","2487","1695","792","190","2479","1602","877","190","2483","1727","756","190","2488","1723","765","190","2482","1609","873","190","2490","1663","827","190","2487","1753","734","190","2469","1640","829","190","2477","1656","821","190","2478","1608","870","190","2477","1756","721","190","2485","1715","770"
,"191","2472","1712","760","191","2481","1713","768","191","2475","1700","775","191","2484","1725","759","191","2480","1719","761","191","2486","1670","816","191","2468","1625","843","191","2476","1690","786","191","2480","1741","739","191","2481","1718","763","191","2481","1736","745","191","2481","1763","718","191","2491","1812","679","191","2488","1640","848","191","2479","1683","796","191","2490","1692","798","191","2479","1727","752","191","2486","1731","755","191","2487","1701","786","191","2473","1592","881","191","2486","1737","749","191","2477","1720","757","191","2486","1621","865","191","2490","1658","832","191","2486","1762","724","191","2477","1638","839","191","2486","1667","819","191","2476","1608","868","191","2485","1749","736","191","2484","1710","774"
,"192","2481","1706","775","192","2473","1700","773","192","2478","1695","783","192","2478","1718","760","192","2490","1721","769","192","2484","1668","816","192","2477","1630","847","192","2468","1676","792","192","2484","1753","731","192","2478","1720","758","192","2479","1751","728","192","2487","1770","717","192","2487","1800","687","192","2481","1642","839","192","2481","1690","791","192","2470","1690","780","192","2486","1719","767","192","2490","1735","755","192","2487","1685","802","192","2482","1586","896","192","2475","1728","747","192","2490","1735","755","192","2469","1609","860","192","2490","1655","835","192","2481","1758","723","192","2480","1624","856","192","2485","1657","828","192","2477","1619","858","192","2485","1756","729","192","2480","1712","768"
,"193","2473","1710","763","193","2471","1712","759","193","2480","1700","780","193","2476","1717","759","193","2487","1730","757","193","2477","1663","814","193","2477","1643","834","193","2483","1682","801","193","2480","1758","722","193","2480","1726","754","193","2494","1743","751","193","2484","1766","718","193","2491","1795","696","193","2480","1644","836","193","2480","1683","797","193","2477","1688","789","193","2489","1719","770","193","2485","1733","752","193","2492","1694","798","193","2479","1594","885","193","2488","1726","762","193","2482","1730","752","193","2477","1610","867","193","2486","1653","833","193","2490","1758","732","193","2477","1636","841","193","2478","1657","821","193","2471","1620","851","193","2491","1757","734","193","2487","1714","773"
,"194","2479","1714","765","194","2482","1714","768","194","2484","1683","801","194","2482","1713","769","194","2478","1720","758","194","2479","1664","815","194","2480","1638","842","194","2479","1691","788","194","2486","1759","727","194","2481","1730","751","194","2492","1731","761","194","2489","1772","717","194","2491","1814","677","194","2479","1647","832","194","2492","1691","801","194","2471","1690","781","194","2483","1713","770","194","2490","1734","756","194","2488","1688","800","194","2471","1585","886","194","2486","1732","754","194","2484","1739","745","194","2478","1618","860","194","2487","1650","837","194","2485","1775","710","194","2474","1632","842","194","2482","1667","815","194","2477","1641","836","194","2487","1763","724","194","2485","1716","769"
,"195","2474","1719","755","195","2477","1703","774","195","2478","1692","786","195","2486","1715","771","195","2490","1735","755","195","2477","1649","828","195","2473","1634","839","195","2480","1688","792","195","2484","1757","727","195","2491","1730","761","195","2486","1738","748","195","2493","1771","722","195","2490","1810","680","195","2485","1648","837","195","2482","1695","787","195","2482","1691","791","195","2480","1721","759","195","2486","1738","748","195","2487","1687","800","195","2467","1585","882","195","2485","1731","754","195","2480","1729","751","195","2477","1614","863","195","2483","1650","833","195","2485","1777","708","195","2482","1638","844","195","2486","1667","819","195","2486","1637","849","195","2490","1763","727","195","2479","1708","771"
,"196","2475","1721","754","196","2485","1707","778","196","2489","1698","791","196","2483","1719","764","196","2486","1733","753","196","2478","1659","819","196","2459","1635","824","196","2486","1698","788","196","2493","1765","728","196","2482","1719","763","196","2481","1730","751","196","2481","1764","717","196","2487","1815","672","196","2483","1641","842","196","2480","1693","787","196","2490","1694","796","196","2485","1722","763","196","2484","1736","748","196","2472","1691","781","196","2472","1580","892","196","2485","1744","741","196","2485","1749","736","196","2483","1623","860","196","2482","1633","849","196","2487","1771","716","196","2489","1642","847","196","2487","1674","813","196","2486","1612","874","196","2488","1769","719","196","2475","1708","767"
,"197","2477","1731","746","197","2486","1713","773","197","2483","1686","797","197","2485","1728","757","197","2488","1739","749","197","2483","1659","824","197","2472","1646","826","197","2487","1694","793","197","2490","1758","732","197","2480","1725","755","197","2485","1733","752","197","2493","1763","730","197","2490","1819","671","197","2477","1647","830","197","2486","1691","795","197","2483","1694","789","197","2488","1715","773","197","2478","1740","738","197","2486","1697","789","197","2476","1564","912","197","2481","1742","739","197","2489","1742","747","197","2475","1609","866","197","2486","1639","847","197","2488","1775","713","197","2487","1636","851","197","2484","1659","825","197","2478","1606","872","197","2475","1757","718","197","2469","1702","767"
,"198","2482","1736","746","198","2483","1719","764","198","2482","1691","791","198","2475","1716","759","198","2478","1739","739","198","2478","1658","820","198","2477","1651","826","198","2466","1680","786","198","2480","1764","716","198","2475","1727","748","198","2483","1730","753","198","2488","1765","723","198","2495","1808","687","198","2488","1651","837","198","2484","1682","802","198","2485","1690","795","198","2481","1716","765","198","2480","1740","740","198","2487","1689","798","198","2474","1570","904","198","2482","1747","735","198","2486","1734","752","198","2464","1605","859","198","2480","1629","851","198","2493","1769","724","198","2481","1639","842","198","2492","1663","829","198","2480","1611","869","198","2490","1764","726","198","2477","1701","776"
,"199","2483","1729","754","199","2476","1719","757","199","2487","1682","805","199","2478","1730","748","199","2485","1733","752","199","2483","1671","812","199","2483","1646","837","199","2474","1690","784","199","2485","1756","729","199","2478","1730","748","199","2483","1730","753","199","2487","1767","720","199","2492","1806","686","199","2488","1648","840","199","2483","1695","788","199","2481","1683","798","199","2488","1715","773","199","2482","1729","753","199","2487","1696","791","199","2469","1566","903","199","2481","1752","729","199","2491","1739","752","199","2483","1603","880","199","2488","1627","861","199","2490","1768","722","199","2477","1644","833","199","2487","1661","826","199","2474","1615","859","199","2496","1760","736","199","2486","1705","781"
,"200","2483","1728","755","200","2492","1724","768","200","2482","1688","794","200","2483","1731","752","200","2495","1736","759","200","2481","1666","815","200","2483","1631","852","200","2471","1686","785","200","2489","1752","737","200","2477","1726","751","200","2479","1726","753","200","2480","1767","713","200","2487","1794","693","200","2477","1646","831","200","2487","1702","785","200","2475","1685","790","200","2484","1715","769","200","2492","1741","751","200","2478","1691","787","200","2477","1571","906","200","2487","1742","745","200","2486","1737","749","200","2480","1605","875","200","2481","1631","850","200","2488","1779","709","200","2475","1641","834","200","2474","1662","812","200","2482","1620","862","200","2488","1772","716","200","2486","1702","784"
,"201","2485","1727","758","201","2488","1721","767","201","2475","1689","786","201","2479","1726","753","201","2486","1726","760","201","2484","1669","815","201","2480","1639","841","201","2471","1677","794","201","2484","1758","726","201","2478","1715","763","201","2482","1725","757","201","2484","1771","713","201","2489","1797","692","201","2479","1647","832","201","2477","1688","789","201","2477","1692","785","201","2486","1711","775","201","2482","1732","750","201","2478","1684","794","201","2469","1566","903","201","2491","1755","736","201","2486","1723","763","201","2465","1597","868","201","2479","1624","855","201","2488","1778","710","201","2476","1637","839","201","2487","1659","828","201","2485","1616","869","201","2487","1765","722","201","2479","1702","777"
,"202","2483","1736","747","202","2482","1717","765","202","2483","1695","788","202","2484","1735","749","202","2478","1723","755","202","2480","1672","808","202","2485","1637","848","202","2476","1682","794","202","2484","1765","719","202","2484","1726","758","202","2486","1719","767","202","2486","1765","721","202","2485","1805","680","202","2482","1651","831","202","2491","1684","807","202","2485","1703","782","202","2489","1722","767","202","2490","1738","752","202","2477","1687","790","202","2480","1580","900","202","2486","1754","732","202","2493","1719","774","202","2478","1618","860","202","2486","1635","851","202","2490","1782","708","202","2481","1641","840","202","2487","1665","822","202","2484","1624","860","202","2491","1766","725","202","2478","1696","782"
,"203","2489","1734","755","203","2481","1725","756","203","2488","1684","804","203","2476","1721","755","203","2489","1730","759","203","2478","1673","805","203","2479","1627","852","203","2473","1676","797","203","2483","1764","719","203","2478","1727","751","203","2486","1722","764","203","2486","1770","716","203","2483","1796","687","203","2492","1649","843","203","2489","1695","794","203","2476","1697","779","203","2486","1713","773","203","2486","1728","758","203","2484","1679","805","203","2488","1587","901","203","2487","1751","736","203","2488","1721","767","203","2481","1619","862","203","2463","1614","849","203","2492","1782","710","203","2469","1647","822","203","2488","1667","821","203","2491","1630","861","203","2490","1767","723","203","2486","1696","790"
,"204","2482","1736","746","204","2484","1722","762","204","2487","1678","809","204","2477","1717","760","204","2488","1729","759","204","2488","1664","824","204","2469","1628","841","204","2473","1671","802","204","2484","1761","723","204","2481","1718","763","204","2479","1716","763","204","2488","1768","720","204","2488","1792","696","204","2487","1646","841","204","2477","1683","794","204","2483","1690","793","204","2471","1713","758","204","2479","1723","756","204","2480","1672","808","204","2471","1588","883","204","2485","1753","732","204","2479","1724","755","204","2479","1604","875","204","2482","1623","859","204","2491","1784","707","204","2476","1649","827","204","2488","1660","828","204","2477","1620","857","204","2493","1758","735","204","2478","1692","786"
,"205","2479","1727","752","205","2480","1723","757","205","2485","1675","810","205","2484","1722","762","205","2481","1714","767","205","2483","1663","820","205","2467","1620","847","205","2452","1657","795","205","2487","1753","734","205","2475","1716","759","205","2483","1718","765","205","2470","1755","715","205","2483","1778","705","205","2481","1639","842","205","2475","1675","800","205","2472","1681","791","205","2477","1711","766","205","2486","1730","756","205","2470","1673","797","205","2475","1583","892","205","2485","1738","747","205","2479","1726","753","205","2469","1604","865","205","2477","1627","850","205","2494","1771","723","205","2467","1628","839","205","2479","1649","830","205","2484","1617","867","205","2484","1753","731","205","2482","1685","797"
,"206","2475","1737","738","206","2475","1717","758","206","2471","1669","802","206","2474","1716","758","206","2477","1687","790","206","2475","1651","824","206","2463","1610","853","206","2472","1648","824","206","2481","1760","721","206","2474","1705","769","206","2479","1704","775","206","2480","1740","740","206","2483","1784","699","206","2483","1628","855","206","2465","1672","793","206","2465","1676","789","206","2479","1697","782","206","2478","1715","763","206","2472","1659","813","206","2469","1574","895","206","2484","1722","762","206","2467","1708","759","206","2472","1575","897","206","2478","1620","858","206","2476","1748","728","206","2484","1643","841","206","2482","1623","859","206","2472","1617","855","206","2482","1735","747","206","2478","1674","804"
,"207","2473","1717","756","207","2469","1689","780","207","2479","1662","817","207","2463","1702","761","207","2467","1680","787","207","2475","1642","833","207","2463","1612","851","207","2451","1616","835","207","2464","1728","736","207","2472","1693","779","207","2468","1698","770","207","2468","1721","747","207","2483","1769","714","207","2475","1618","857","207","2476","1664","812","207","2460","1650","810","207","2474","1687","787","207","2478","1719","759","207","2465","1634","831","207","2472","1577","895","207","2482","1714","768","207","2472","1693","779","207","2453","1560","893","207","2467","1597","870","207","2476","1735","741","207","2460","1601","859","207","2461","1588","873","207","2472","1596","876","207","2471","1718","753","207","2470","1651","819"
,"208","2455","1700","755","208","2469","1672","797","208","2470","1641","829","208","2475","1691","784","208","2456","1656","800","208","2459","1620","839","208","2468","1605","863","208","2445","1579","866","208","2463","1718","745","208","2471","1680","791","208","2468","1702","766","208","2442","1688","754","208","2478","1745","733","208","2462","1587","875","208","2463","1642","821","208","2465","1631","834","208","2467","1666","801","208","2478","1705","773","208","2467","1628","839","208","2463","1562","901","208","2476","1701","775","208","2472","1681","791","208","2455","1553","902","208","2458","1572","886","208","2465","1718","747","208","2446","1588","858","208","2454","1558","896","208","2468","1582","886","208","2477","1709","768","208","2457","1626","831"
,"209","2459","1680","779","209","2464","1647","817","209","2450","1610","840","209","2472","1685","787","209","2461","1645","816","209","2471","1614","857","209","2444","1568","876","209","2445","1567","878","209","2465","1697","768","209","2463","1660","803","209","2465","1679","786","209","2462","1685","777","209","2464","1715","749","209","2458","1573","885","209","2462","1608","854","209","2471","1610","861","209","2473","1638","835","209","2464","1675","789","209","2452","1612","840","209","2461","1534","927","209","2462","1670","792","209","2479","1670","809","209","2437","1520","917","209","2457","1564","893","209","2472","1710","762","209","2449","1560","889","209","2464","1535","929","209","2453","1582","871","209","2459","1679","780","209","2456","1620","836"
,"210","2471","1675","796","210","2455","1620","835","210","2450","1607","843","210","2467","1664","803","210","2460","1651","809","210","2460","1601","859","210","2456","1570","886","210","2437","1537","900","210","2450","1667","783","210","2473","1658","815","210","2460","1661","799","210","2467","1663","804","210","2454","1695","759","210","2444","1546","898","210","2452","1598","854","210","2467","1602","865","210","2461","1608","853","210","2473","1674","799","210","2454","1609","845","210","2462","1547","915","210","2460","1661","799","210","2467","1652","815","210","2449","1510","939","210","2465","1567","898","210","2460","1698","762","210","2468","1563","905","210","2464","1516","948","210","2452","1580","872","210","2457","1656","801","210","2459","1598","861"
,"211","2468","1657","811","211","2451","1610","841","211","2456","1601","855","211","2466","1655","811","211","2458","1630","828","211","2464","1610","854","211","2464","1568","896","211","2443","1540","903","211","2457","1655","802","211","2463","1647","816","211","2461","1644","817","211","2452","1652","800","211","2468","1695","773","211","2444","1546","898","211","2451","1566","885","211","2466","1580","886","211","2453","1586","867","211","2466","1663","803","211","2461","1604","857","211","2472","1532","940","211","2460","1659","801","211","2472","1649","823","211","2445","1506","939","211","2451","1563","888","211","2460","1671","789","211","2456","1545","911","211","2457","1498","959","211","2462","1571","891","211","2456","1649","807","211","2460","1589","871"
,"212","2466","1655","811","212","2452","1603","849","212","2451","1591","860","212","2460","1636","824","212","2467","1633","834","212","2459","1575","884","212","2449","1545","904","212","2440","1556","884","212","2462","1638","824","212","2465","1633","832","212","2466","1647","819","212","2468","1671","797","212","2466","1690","776","212","2458","1545","913","212","2458","1570","888","212","2458","1567","891","212","2452","1589","863","212","2460","1654","806","212","2460","1592","868","212","2462","1508","954","212","2466","1650","816","212","2474","1638","836","212","2429","1486","943","212","2460","1552","908","212","2463","1671","792","212","2458","1544","914","212","2464","1495","969","212","2455","1547","908","212","2461","1639","822","212","2462","1571","891"
,"213","2474","1665","809","213","2457","1598","859","213","2462","1594","868","213","2449","1624","825","213","2458","1622","836","213","2448","1557","891","213","2459","1542","917","213","2439","1536","903","213","2480","1644","836","213","2465","1624","841","213","2462","1624","838","213","2472","1660","812","213","2474","1688","786","213","2457","1527","930","213","2450","1573","877","213","2453","1563","890","213","2455","1559","896","213","2467","1652","815","213","2464","1596","868","213","2464","1504","960","213","2472","1634","838","213","2463","1636","827","213","2434","1485","949","213","2453","1554","899","213","2461","1655","806","213","2455","1541","914","213","2459","1498","961","213","2461","1554","907","213","2468","1628","840","213","2443","1561","882"
,"214","2469","1659","810","214","2459","1592","867","214","2467","1585","882","214","2457","1620","837","214","2472","1620","852","214","2457","1558","899","214","2459","1542","917","214","2434","1549","885","214","2462","1646","816","214","2459","1629","830","214","2466","1617","849","214","2468","1665","803","214","2469","1673","796","214","2449","1534","915","214","2454","1559","895","214","2475","1581","894","214","2443","1555","888","214","2478","1645","833","214","2458","1584","874","214","2457","1500","957","214","2478","1630","848","214","2476","1632","844","214","2439","1499","940","214","2463","1555","908","214","2469","1679","790","214","2460","1537","923","214","2464","1507","957","214","2463","1552","911","214","2464","1610","854","214","2446","1571","875"
,"215","2477","1652","825","215","2450","1593","857","215","2470","1581","889","215","2449","1604","845","215","2461","1606","855","215","2455","1552","903","215","2447","1552","895","215","2442","1541","901","215","2454","1637","817","215","2458","1608","850","215","2445","1612","833","215","2477","1663","814","215","2470","1691","779","215","2464","1543","921","215","2454","1565","889","215","2463","1576","887","215","2454","1555","899","215","2472","1633","839","215","2464","1606","858","215","2466","1511","955","215","2459","1624","835","215","2466","1617","849","215","2445","1498","947","215","2459","1547","912","215","2468","1671","797","215","2470","1537","933","215","2468","1503","965","215","2462","1539","923","215","2465","1620","845","215","2456","1585","871"
,"216","2464","1646","818","216","2454","1594","860","216","2470","1589","881","216","2463","1596","867","216","2469","1610","859","216","2472","1543","929","216","2445","1548","897","216","2454","1547","907","216","2460","1637","823","216","2446","1622","824","216","2449","1609","840","216","2467","1668","799","216","2475","1692","783","216","2465","1530","935","216","2461","1576","885","216","2458","1565","893","216","2459","1556","903","216","2483","1638","845","216","2459","1600","859","216","2456","1478","978","216","2466","1643","823","216","2462","1612","850","216","2454","1518","936","216","2462","1555","907","216","2473","1676","797","216","2455","1536","919","216","2469","1491","978","216","2463","1538","925","216","2468","1615","853","216","2462","1586","876"
,"217","2474","1649","825","217","2457","1600","857","217","2464","1580","884","217","2461","1584","877","217","2479","1607","872","217","2454","1533","921","217","2450","1550","900","217","2454","1555","899","217","2459","1634","825","217","2448","1605","843","217","2467","1617","850","217","2470","1656","814","217","2478","1706","772","217","2468","1524","944","217","2455","1576","879","217","2455","1569","886","217","2467","1556","911","217","2481","1631","850","217","2463","1606","857","217","2453","1475","978","217","2454","1637","817","217","2466","1603","863","217","2458","1512","946","217","2454","1551","903","217","2463","1677","786","217","2463","1537","926","217","2467","1481","986","217","2473","1547","926","217","2464","1614","850","217","2462","1588","874"
,"218","2480","1649","831","218","2465","1607","858","218","2470","1585","885","218","2459","1575","884","218","2465","1612","853","218","2455","1537","918","218","2462","1550","912","218","2453","1557","896","218","2468","1640","828","218","2441","1607","834","218","2466","1629","837","218","2471","1650","821","218","2482","1714","768","218","2469","1536","933","218","2462","1563","899","218","2467","1573","894","218","2452","1565","887","218","2467","1621","846","218","2467","1594","873","218","2459","1478","981","218","2473","1637","836","218","2467","1615","852","218","2454","1512","942","218","2473","1552","921","218","2473","1683","790","218","2464","1532","932","218","2468","1482","986","218","2465","1537","928","218","2457","1618","839","218","2469","1607","862"
,"219","2478","1659","819","219","2449","1603","846","219","2469","1573","896","219","2469","1565","904","219","2462","1600","862","219","2455","1554","901","219","2470","1555","915","219","2462","1548","914","219","2467","1648","819","219","2451","1600","851","219","2469","1631","838","219","2478","1648","830","219","2476","1695","781","219","2458","1533","925","219","2450","1546","904","219","2468","1559","909","219","2458","1550","908","219","2483","1616","867","219","2457","1603","854","219","2458","1482","976","219","2474","1643","831","219","2465","1605","860","219","2465","1531","934","219","2463","1536","927","219","2476","1672","804","219","2462","1541","921","219","2472","1479","993","219","2468","1532","936","219","2457","1612","845","219","2478","1595","883"
,"220","2469","1659","810","220","2446","1589","857","220","2478","1569","909","220","2455","1573","882","220","2462","1606","856","220","2463","1559","904","220","2468","1567","901","220","2460","1552","908","220","2469","1646","823","220","2457","1608","849","220","2462","1625","837","220","2485","1661","824","220","2483","1699","784","220","2459","1544","915","220","2463","1558","905","220","2471","1558","913","220","2471","1553","918","220","2482","1612","870","220","2455","1609","846","220","2463","1492","971","220","2472","1649","823","220","2466","1612","854","220","2457","1518","939","220","2461","1554","907","220","2478","1672","806","220","2466","1538","928","220","2466","1483","983","220","2471","1543","928","220","2458","1616","842","220","2477","1595","882"
,"221","2479","1663","816","221","2461","1589","872","221","2469","1578","891","221","2453","1568","885","221","2475","1614","861","221","2471","1557","914","221","2459","1564","895","221","2453","1564","889","221","2466","1658","808","221","2457","1601","856","221","2458","1623","835","221","2472","1647","825","221","2471","1697","774","221","2467","1548","919","221","2445","1567","878","221","2474","1554","920","221","2457","1548","909","221","2475","1610","865","221","2472","1615","857","221","2449","1488","961","221","2468","1657","811","221","2468","1604","864","221","2451","1526","925","221","2443","1538","905","221","2472","1666","806","221","2457","1534","923","221","2456","1488","968","221","2468","1538","930","221","2466","1615","851","221","2467","1591","876"
,"222","2475","1656","819","222","2460","1599","861","222","2466","1573","893","222","2460","1566","894","222","2469","1607","862","222","2463","1559","904","222","2464","1557","907","222","2448","1564","884","222","2476","1658","818","222","2444","1590","854","222","2469","1631","838","222","2470","1658","812","222","2474","1698","776","222","2457","1535","922","222","2452","1556","896","222","2462","1545","917","222","2459","1549","910","222","2477","1611","866","222","2467","1615","852","222","2455","1480","975","222","2475","1670","805","222","2457","1602","855","222","2464","1535","929","222","2459","1549","910","222","2469","1657","812","222","2456","1537","919","222","2460","1488","972","222","2472","1532","940","222","2457","1633","824","222","2465","1581","884"
,"223","2459","1657","802","223","2458","1594","864","223","2471","1572","899","223","2453","1574","879","223","2472","1591","881","223","2478","1563","915","223","2472","1560","912","223","2450","1561","889","223","2479","1654","825","223","2452","1612","840","223","2470","1629","841","223","2473","1645","828","223","2473","1699","774","223","2467","1561","906","223","2464","1565","899","223","2462","1548","914","223","2476","1540","936","223","2480","1610","870","223","2462","1625","837","223","2460","1475","985","223","2472","1650","822","223","2462","1603","859","223","2476","1524","952","223","2461","1544","917","223","2479","1655","824","223","2460","1532","928","223","2453","1491","962","223","2466","1528","938","223","2473","1641","832","223","2464","1581","883"
,"224","2467","1660","807","224","2457","1584","873","224","2470","1568","902","224","2463","1577","886","224","2452","1576","876","224","2465","1553","912","224","2454","1555","899","224","2452","1559","893","224","2466","1646","820","224","2460","1615","845","224","2452","1624","828","224","2465","1642","823","224","2477","1696","781","224","2466","1561","905","224","2452","1568","884","224","2447","1560","887","224","2457","1532","925","224","2476","1607","869","224","2466","1626","840","224","2462","1464","998","224","2475","1651","824","224","2462","1601","861","224","2465","1508","957","224","2458","1541","917","224","2476","1652","824","224","2469","1542","927","224","2459","1489","970","224","2466","1532","934","224","2482","1631","851","224","2472","1572","900"
,"225","2478","1664","814","225","2454","1588","866","225","2472","1569","903","225","2465","1590","875","225","2470","1605","865","225","2468","1546","922","225","2467","1551","916","225","2459","1569","890","225","2465","1656","809","225","2463","1601","862","225","2447","1624","823","225","2473","1648","825","225","2479","1706","773","225","2459","1564","895","225","2467","1564","903","225","2462","1554","908","225","2458","1533","925","225","2467","1598","869","225","2475","1629","846","225","2458","1455","1003","225","2480","1644","836","225","2460","1596","864","225","2462","1497","965","225","2468","1545","923","225","2481","1661","820","225","2463","1547","916","225","2454","1491","963","225","2464","1532","932","225","2481","1628","853","225","2464","1585","879"
,"226","2471","1656","815","226","2460","1593","867","226","2466","1561","905","226","2463","1595","868","226","2465","1594","871","226","2457","1553","904","226","2454","1547","907","226","2446","1557","889","226","2473","1655","818","226","2457","1611","846","226","2467","1620","847","226","2473","1637","836","226","2473","1699","774","226","2464","1563","901","226","2452","1564","888","226","2474","1570","904","226","2469","1541","928","226","2463","1610","853","226","2473","1625","848","226","2445","1472","973","226","2468","1642","826","226","2468","1601","867","226","2468","1484","984","226","2449","1538","911","226","2480","1658","822","226","2466","1519","947","226","2461","1493","968","226","2479","1534","945","226","2481","1635","846","226","2473","1580","893"
,"227","2471","1655","816","227","2464","1598","866","227","2460","1571","889","227","2465","1589","876","227","2460","1592","868","227","2470","1540","930","227","2446","1533","913","227","2448","1559","889","227","2469","1648","821","227","2456","1617","839","227","2466","1608","858","227","2469","1629","840","227","2470","1703","767","227","2474","1564","910","227","2454","1564","890","227","2471","1569","902","227","2460","1533","927","227","2468","1617","851","227","2469","1626","843","227","2476","1477","999","227","2469","1642","827","227","2465","1607","858","227","2446","1484","962","227","2446","1537","909","227","2478","1663","815","227","2454","1539","915","227","2461","1492","969","227","2470","1535","935","227","2464","1639","825","227","2468","1591","877"
,"228","2472","1655","817","228","2461","1591","870","228","2470","1573","897","228","2462","1594","868","228","2465","1580","885","228","2468","1547","921","228","2455","1535","920","228","2448","1559","889","228","2470","1651","819","228","2452","1616","836","228","2460","1627","833","228","2479","1631","848","228","2491","1708","783","228","2456","1546","910","228","2460","1583","877","228","2468","1570","898","228","2473","1543","930","228","2476","1603","873","228","2465","1622","843","228","2460","1487","973","228","2462","1648","814","228","2465","1602","863","228","2443","1480","963","228","2447","1534","913","228","2477","1657","820","228","2465","1556","909","228","2456","1486","970","228","2472","1539","933","228","2471","1632","839","228","2477","1591","886"
,"229","2467","1651","816","229","2465","1582","883","229","2471","1569","902","229","2464","1608","856","229","2457","1589","868","229","2463","1539","924","229","2464","1562","902","229","2438","1543","895","229","2469","1651","818","229","2472","1617","855","229","2460","1606","854","229","2480","1623","857","229","2477","1697","780","229","2455","1549","906","229","2467","1596","871","229","2469","1577","892","229","2462","1536","926","229","2466","1599","867","229","2465","1627","838","229","2474","1472","1002","229","2467","1649","818","229","2463","1604","859","229","2428","1488","940","229","2458","1534","924","229","2477","1653","824","229","2457","1539","918","229","2456","1479","977","229","2467","1533","934","229","2474","1635","839","229","2475","1586","889"
,"230","2471","1642","829","230","2460","1585","875","230","2472","1558","914","230","2453","1601","852","230","2464","1609","855","230","2462","1549","913","230","2454","1563","891","230","2439","1552","887","230","2462","1645","817","230","2470","1619","851","230","2461","1612","849","230","2468","1618","850","230","2474","1718","756","230","2457","1548","909","230","2469","1580","889","230","2467","1574","893","230","2461","1531","930","230","2463","1601","862","230","2471","1636","835","230","2465","1469","996","230","2477","1651","826","230","2461","1606","855","230","2434","1498","936","230","2459","1540","919","230","2476","1646","830","230","2467","1543","924","230","2462","1476","986","230","2468","1541","927","230","2479","1639","840","230","2472","1584","888"
,"231","2466","1651","815","231","2457","1575","882","231","2472","1553","919","231","2474","1605","869","231","2473","1610","863","231","2464","1556","908","231","2463","1575","888","231","2452","1556","896","231","2477","1657","820","231","2465","1609","856","231","2460","1620","840","231","2472","1606","866","231","2483","1713","770","231","2438","1548","890","231","2467","1588","879","231","2451","1570","881","231","2460","1546","914","231","2471","1591","880","231","2476","1620","856","231","2454","1461","993","231","2479","1649","830","231","2469","1602","867","231","2453","1525","928","231","2467","1547","920","231","2487","1647","840","231","2472","1538","934","231","2458","1482","976","231","2469","1530","939","231","2479","1643","836","231","2466","1589","877"
,"232","2471","1650","821","232","2459","1585","874","232","2470","1542","928","232","2449","1617","832","232","2459","1604","855","232","2463","1568","895","232","2468","1589","879","232","2468","1562","906","232","2476","1664","812","232","2459","1599","860","232","2471","1624","847","232","2464","1612","852","232","2482","1714","768","232","2460","1568","892","232","2470","1592","878","232","2460","1558","902","232","2459","1546","913","232","2469","1576","893","232","2467","1644","823","232","2465","1465","1000","232","2469","1654","815","232","2444","1601","843","232","2445","1510","935","232","2467","1539","928","232","2474","1642","832","232","2467","1538","929","232","2468","1484","984","232","2482","1530","952","232","2484","1636","848","232","2470","1604","866"
,"233","2476","1662","814","233","2460","1581","879","233","2460","1527","933","233","2464","1632","832","233","2481","1608","873","233","2477","1585","892","233","2465","1571","894","233","2454","1568","886","233","2474","1669","805","233","2464","1609","855","233","2475","1624","851","233","2472","1616","856","233","2474","1705","769","233","2458","1566","892","233","2462","1574","888","233","2463","1556","907","233","2468","1540","928","233","2465","1610","855","233","2478","1644","834","233","2475","1475","1000","233","2471","1657","814","233","2456","1607","849","233","2457","1523","934","233","2466","1539","927","233","2466","1641","825","233","2466","1539","927","233","2447","1467","980","233","2461","1517","944","233","2472","1611","861","233","2481","1598","883"
,"234","2470","1659","811","234","2461","1582","879","234","2454","1537","917","234","2466","1623","843","234","2456","1598","858","234","2464","1557","907","234","2456","1560","896","234","2455","1568","887","234","2474","1665","809","234","2467","1618","849","234","2469","1620","849","234","2468","1623","845","234","2489","1706","783","234","2467","1558","909","234","2474","1573","901","234","2457","1535","922","234","2458","1538","920","234","2465","1608","857","234","2478","1642","836","234","2463","1461","1002","234","2466","1668","798","234","2463","1603","860","234","2465","1540","925","234","2445","1531","914","234","2468","1636","832","234","2468","1533","935","234","2443","1457","986","234","2466","1514","952","234","2474","1621","853","234","2472","1585","887"
,"235","2464","1662","802","235","2456","1578","878","235","2458","1556","902","235","2479","1625","854","235","2464","1594","870","235","2464","1551","913","235","2465","1556","909","235","2458","1560","898","235","2474","1659","815","235","2459","1611","848","235","2458","1611","847","235","2468","1623","845","235","2484","1710","774","235","2473","1568","905","235","2453","1573","880","235","2460","1540","920","235","2462","1547","915","235","2465","1592","873","235","2479","1639","840","235","2449","1463","986","235","2479","1657","822","235","2451","1594","857","235","2473","1547","926","235","2469","1537","932","235","2468","1636","832","235","2468","1537","931","235","2432","1476","956","235","2455","1517","938","235","2482","1607","875","235","2463","1578","885"
,"236","2475","1652","823","236","2442","1569","873","236","2464","1552","912","236","2480","1621","859","236","2475","1608","867","236","2468","1549","919","236","2465","1575","890","236","2458","1553","905","236","2480","1664","816","236","2454","1608","846","236","2463","1606","857","236","2469","1617","852","236","2484","1700","784","236","2464","1564","900","236","2453","1567","886","236","2459","1556","903","236","2457","1550","907","236","2475","1591","884","236","2472","1633","839","236","2453","1454","999","236","2478","1666","812","236","2467","1603","864","236","2469","1538","931","236","2459","1532","927","236","2471","1653","818","236","2461","1537","924","236","2453","1484","969","236","2464","1527","937","236","2465","1601","864","236","2462","1573","889"
,"237","2473","1644","829","237","2449","1578","871","237","2470","1552","918","237","2467","1612","855","237","2468","1613","855","237","2468","1569","899","237","2455","1566","889","237","2455","1555","900","237","2485","1680","805","237","2456","1615","841","237","2457","1608","849","237","2477","1609","868","237","2486","1713","773","237","2470","1577","893","237","2454","1574","880","237","2456","1560","896","237","2456","1546","910","237","2454","1588","866","237","2475","1630","845","237","2441","1447","994","237","2477","1660","817","237","2451","1600","851","237","2464","1541","923","237","2469","1539","930","237","2477","1662","815","237","2461","1526","935","237","2446","1494","952","237","2457","1523","934","237","2468","1607","861","237","2478","1601","877"
,"238","2476","1642","834","238","2458","1572","886","238","2470","1551","919","238","2471","1606","865","238","2464","1608","856","238","2466","1579","887","238","2461","1571","890","238","2459","1554","905","238","2485","1685","800","238","2446","1608","838","238","2455","1628","827","238","2471","1602","869","238","2483","1707","776","238","2470","1574","896","238","2451","1578","873","238","2462","1544","918","238","2457","1556","901","238","2474","1593","881","238","2472","1640","832","238","2447","1457","990","238","2488","1660","828","238","2456","1607","849","238","2459","1552","907","238","2478","1553","925","238","2472","1649","823","238","2467","1547","920","238","2471","1504","967","238","2468","1516","952","238","2476","1610","866","238","2464","1573","891"
,"239","2473","1642","831","239","2471","1577","894","239","2462","1539","923","239","2475","1615","860","239","2470","1615","855","239","2473","1566","907","239","2462","1574","888","239","2464","1564","900","239","2482","1688","794","239","2454","1600","854","239","2465","1625","840","239","2461","1610","851","239","2490","1713","777","239","2475","1603","872","239","2462","1576","886","239","2462","1534","928","239","2467","1539","928","239","2457","1598","859","239","2477","1639","838","239","2448","1459","989","239","2483","1669","814","239","2454","1613","841","239","2467","1537","930","239","2464","1535","929","239","2478","1649","829","239","2472","1543","929","239","2452","1487","965","239","2468","1524","944","239","2478","1609","869","239","2456","1574","882"
,"240","2471","1649","822","240","2458","1567","891","240","2459","1538","921","240","2478","1618","860","240","2476","1610","866","240","2465","1554","911","240","2460","1578","882","240","2463","1557","906","240","2482","1687","795","240","2461","1612","849","240","2463","1636","827","240","2470","1609","861","240","2476","1702","774","240","2468","1591","877","240","2458","1582","876","240","2461","1534","927","240","2457","1537","920","240","2470","1606","864","240","2477","1643","834","240","2457","1463","994","240","2477","1651","826","240","2455","1607","848","240","2471","1531","940","240","2467","1527","940","240","2482","1644","838","240","2474","1531","943","240","2448","1496","952","240","2459","1525","934","240","2481","1601","880","240","2471","1561","910"
,"241","2478","1652","826","241","2468","1571","897","241","2471","1550","921","241","2471","1612","859","241","2465","1615","850","241","2461","1557","904","241","2464","1582","882","241","2450","1547","903","241","2473","1692","781","241","2458","1612","846","241","2457","1642","815","241","2466","1609","857","241","2488","1709","779","241","2465","1585","880","241","2465","1581","884","241","2461","1539","922","241","2449","1537","912","241","2466","1604","862","241","2488","1641","847","241","2465","1462","1003","241","2481","1652","829","241","2470","1609","861","241","2454","1524","930","241","2463","1524","939","241","2467","1650","817","241","2463","1539","924","241","2459","1501","958","241","2469","1519","950","241","2459","1595","864","241","2472","1564","908"
,"242","2478","1650","828","242","2463","1580","883","242","2456","1555","901","242","2472","1617","855","242","2464","1613","851","242","2467","1576","891","242","2465","1587","878","242","2469","1557","912","242","2474","1674","800","242","2456","1609","847","242","2463","1634","829","242","2474","1609","865","242","2480","1711","769","242","2465","1591","874","242","2468","1576","892","242","2457","1540","917","242","2446","1541","905","242","2463","1612","851","242","2479","1633","846","242","2454","1457","997","242","2472","1652","820","242","2465","1626","839","242","2453","1516","937","242","2465","1529","936","242","2473","1649","824","242","2457","1544","913","242","2464","1518","946","242","2461","1514","947","242","2471","1612","859","242","2458","1556","902"
,"243","2469","1646","823","243","2456","1573","883","243","2466","1550","916","243","2466","1608","858","243","2487","1616","871","243","2458","1567","891","243","2463","1582","881","243","2461","1557","904","243","2473","1673","800","243","2456","1618","838","243","2469","1636","833","243","2479","1624","855","243","2483","1704","779","243","2474","1588","886","243","2464","1577","887","243","2469","1547","922","243","2454","1550","904","243","2475","1607","868","243","2471","1627","844","243","2466","1450","1016","243","2475","1651","824","243","2472","1630","842","243","2464","1525","939","243","2462","1529","933","243","2473","1655","818","243","2467","1544","923","243","2443","1514","929","243","2458","1511","947","243","2471","1623","848","243","2461","1558","903"
,"244","2475","1639","836","244","2454","1578","876","244","2464","1550","914","244","2457","1601","856","244","2462","1591","871","244","2466","1566","900","244","2468","1595","873","244","2446","1547","899","244","2485","1680","805","244","2441","1613","828","244","2479","1637","842","244","2474","1616","858","244","2475","1704","771","244","2469","1599","870","244","2450","1579","871","244","2464","1532","932","244","2447","1534","913","244","2470","1611","859","244","2480","1635","845","244","2439","1449","990","244","2481","1650","831","244","2457","1615","842","244","2440","1514","926","244","2460","1531","929","244","2463","1641","822","244","2461","1542","919","244","2468","1535","933","244","2456","1518","938","244","2478","1624","854","244","2460","1554","906"
,"245","2470","1644","826","245","2458","1572","886","245","2477","1563","914","245","2475","1598","877","245","2461","1603","858","245","2476","1584","892","245","2478","1593","885","245","2468","1555","913","245","2472","1672","800","245","2467","1628","839","245","2477","1641","836","245","2474","1617","857","245","2485","1722","763","245","2473","1596","877","245","2466","1574","892","245","2462","1532","930","245","2437","1523","914","245","2471","1616","855","245","2474","1629","845","245","2446","1455","991","245","2472","1635","837","245","2469","1620","849","245","2453","1502","951","245","2460","1539","921","245","2473","1672","801","245","2469","1545","924","245","2459","1537","922","245","2465","1519","946","245","2478","1620","858","245","2470","1555","915"
,"246","2461","1628","833","246","2460","1571","889","246","2469","1561","908","246","2463","1613","850","246","2471","1602","869","246","2462","1557","905","246","2460","1595","865","246","2451","1548","903","246","2481","1667","814","246","2460","1615","845","246","2463","1641","822","246","2465","1619","846","246","2481","1706","775","246","2478","1598","880","246","2467","1571","896","246","2455","1533","922","246","2449","1517","932","246","2470","1614","856","246","2472","1624","848","246","2454","1459","995","246","2465","1637","828","246","2464","1626","838","246","2453","1496","957","246","2465","1534","931","246","2468","1654","814","246","2455","1552","903","246","2464","1526","938","246","2471","1530","941","246","2477","1613","864","246","2469","1549","920"
,"247","2466","1632","834","247","2461","1574","887","247","2473","1567","906","247","2470","1611","859","247","2472","1596","876","247","2464","1571","893","247","2466","1602","864","247","2450","1558","892","247","2480","1675","805","247","2467","1622","845","247","2478","1641","837","247","2467","1615","852","247","2476","1701","775","247","2478","1596","882","247","2462","1564","898","247","2465","1533","932","247","2430","1532","898","247","2476","1625","851","247","2462","1606","856","247","2453","1456","997","247","2471","1630","841","247","2461","1619","842","247","2461","1503","958","247","2468","1526","942","247","2469","1656","813","247","2469","1544","925","247","2475","1536","939","247","2471","1524","947","247","2472","1616","856","247","2465","1548","917"
,"248","2466","1639","827","248","2455","1560","895","248","2474","1560","914","248","2474","1603","871","248","2457","1578","879","248","2463","1568","895","248","2466","1597","869","248","2463","1547","916","248","2485","1666","819","248","2462","1617","845","248","2475","1630","845","248","2477","1617","860","248","2483","1707","776","248","2479","1591","888","248","2459","1573","886","248","2458","1543","915","248","2429","1539","890","248","2460","1622","838","248","2474","1617","857","248","2453","1444","1009","248","2474","1648","826","248","2461","1608","853","248","2464","1513","951","248","2471","1535","936","248","2472","1656","816","248","2477","1553","924","248","2468","1524","944","248","2458","1511","947","248","2475","1610","865","248","2471","1553","918"
,"249","2468","1640","828","249","2444","1556","888","249","2468","1573","895","249","2479","1595","884","249","2461","1589","872","249","2470","1565","905","249","2466","1606","860","249","2454","1534","920","249","2478","1666","812","249","2468","1635","833","249","2467","1635","832","249","2476","1626","850","249","2481","1712","769","249","2476","1586","890","249","2464","1566","898","249","2449","1531","918","249","2436","1557","879","249","2468","1613","855","249","2470","1619","851","249","2446","1445","1001","249","2478","1652","826","249","2459","1609","850","249","2453","1520","933","249","2464","1525","939","249","2469","1648","821","249","2461","1539","922","249","2467","1527","940","249","2468","1516","952","249","2469","1606","863","249","2460","1538","922"
,"250","2476","1644","832","250","2461","1559","902","250","2472","1568","904","250","2470","1601","869","250","2469","1589","880","250","2473","1566","907","250","2467","1602","865","250","2458","1548","910","250","2470","1652","818","250","2448","1616","832","250","2475","1642","833","250","2479","1630","849","250","2485","1715","770","250","2472","1577","895","250","2467","1565","902","250","2451","1530","921","250","2440","1549","891","250","2477","1613","864","250","2480","1632","848","250","2437","1431","1006","250","2481","1655","826","250","2437","1606","831","250","2448","1528","920","250","2478","1531","947","250","2472","1667","805","250","2464","1533","931","250","2472","1524","948","250","2471","1512","959","250","2462","1604","858","250","2481","1551","930"
,"251","2471","1652","819","251","2434","1543","891","251","2469","1558","911","251","2471","1589","882","251","2468","1589","879","251","2457","1561","896","251","2462","1591","871","251","2439","1535","904","251","2468","1656","812","251","2465","1627","838","251","2477","1638","839","251","2477","1636","841","251","2480","1706","774","251","2467","1574","893","251","2461","1582","879","251","2457","1551","906","251","2449","1530","919","251","2466","1613","853","251","2473","1623","850","251","2443","1445","998","251","2474","1648","826","251","2459","1610","849","251","2452","1529","923","251","2470","1529","941","251","2466","1670","796","251","2468","1543","925","251","2466","1529","937","251","2456","1517","939","251","2464","1607","857","251","2468","1543","925"
,"252","2473","1635","838","252","2444","1542","902","252","2474","1570","904","252","2471","1608","863","252","2479","1593","886","252","2474","1575","899","252","2468","1605","863","252","2447","1540","907","252","2459","1650","809","252","2466","1608","858","252","2470","1620","850","252","2480","1621","859","252","2479","1699","780","252","2478","1570","908","252","2462","1571","891","252","2443","1534","909","252","2431","1537","894","252","2450","1608","842","252","2475","1610","865","252","2450","1467","983","252","2479","1655","824","252","2437","1613","824","252","2446","1518","928","252","2455","1528","927","252","2474","1665","809","252","2458","1526","932","252","2467","1526","941","252","2465","1517","948","252","2472","1602","870","252","2478","1538","940"
,"253","2469","1629","840","253","2441","1549","892","253","2476","1576","900","253","2476","1605","871","253","2471","1584","887","253","2463","1560","903","253","2471","1604","867","253","2445","1540","905","253","2478","1663","815","253","2458","1609","849","253","2457","1623","834","253","2479","1633","846","253","2490","1701","789","253","2470","1558","912","253","2455","1561","894","253","2450","1548","902","253","2456","1554","902","253","2469","1612","857","253","2473","1608","865","253","2436","1464","972","253","2476","1631","845","253","2451","1624","827","253","2457","1522","935","253","2450","1534","916","253","2474","1672","802","253","2465","1528","937","253","2468","1530","938","253","2469","1527","942","253","2472","1609","863","253","2474","1555","919"
,"254","2477","1632","845","254","2462","1567","895","254","2456","1553","903","254","2477","1600","877","254","2460","1578","882","254","2468","1549","919","254","2472","1596","876","254","2437","1522","915","254","2479","1665","814","254","2473","1610","863","254","2456","1622","834","254","2473","1627","846","254","2483","1696","787","254","2460","1553","907","254","2451","1568","883","254","2454","1533","921","254","2440","1539","901","254","2477","1620","857","254","2461","1603","858","254","2462","1484","978","254","2469","1637","832","254","2452","1616","836","254","2442","1524","918","254","2458","1527","931","254","2472","1667","805","254","2460","1527","933","254","2464","1516","948","254","2460","1534","926","254","2472","1608","864","254","2482","1563","919"
,"255","2476","1622","854","255","2467","1581","886","255","2460","1562","898","255","2459","1618","841","255","2456","1574","882","255","2453","1549","904","255","2461","1587","874","255","2453","1536","917","255","2472","1659","813","255","2458","1618","840","255","2454","1627","827","255","2472","1621","851","255","2480","1714","766","255","2463","1564","899","255","2464","1587","877","255","2447","1549","898","255","2443","1531","912","255","2470","1604","866","255","2482","1608","874","255","2438","1461","977","255","2476","1634","842","255","2449","1603","846","255","2463","1549","914","255","2463","1514","949","255","2484","1675","809","255","2464","1533","931","255","2467","1520","947","255","2459","1522","937","255","2464","1608","856","255","2476","1561","915"
,"256","2470","1621","849","256","2477","1582","895","256","2470","1570","900","256","2474","1600","874","256","2453","1576","877","256","2464","1542","922","256","2463","1591","872","256","2443","1530","913","256","2481","1654","827","256","2457","1616","841","256","2461","1630","831","256","2479","1629","850","256","2480","1700","780","256","2461","1549","912","256","2457","1577","880","256","2452","1530","922","256","2449","1535","914","256","2458","1593","865","256","2482","1599","883","256","2456","1464","992","256","2484","1632","852","256","2445","1604","841","256","2465","1544","921","256","2466","1510","956","256","2479","1670","809","256","2464","1522","942","256","2470","1527","943","256","2455","1525","930","256","2465","1600","865","256","2466","1547","919"
,"257","2458","1622","836","257","2448","1562","886","257","2471","1569","902","257","2470","1600","870","257","2465","1589","876","257","2453","1536","917","257","2461","1605","856","257","2463","1535","928","257","2477","1662","815","257","2471","1610","861","257","2459","1633","826","257","2480","1636","844","257","2464","1701","763","257","2463","1562","901","257","2466","1578","888","257","2461","1537","924","257","2445","1543","902","257","2465","1610","855","257","2474","1585","889","257","2463","1471","992","257","2479","1641","838","257","2453","1610","843","257","2452","1536","916","257","2469","1525","944","257","2482","1672","810","257","2463","1526","937","257","2464","1533","931","257","2467","1532","935","257","2466","1601","865","257","2475","1553","922"
,"258","2474","1623","851","258","2464","1582","882","258","2471","1561","910","258","2466","1597","869","258","2460","1571","889","258","2466","1548","918","258","2464","1608","856","258","2465","1544","921","258","2475","1646","829","258","2468","1618","850","258","2464","1630","834","258","2475","1638","837","258","2483","1688","795","258","2467","1557","910","258","2465","1579","886","258","2450","1527","923","258","2445","1533","912","258","2468","1609","859","258","2472","1597","875","258","2447","1479","968","258","2484","1642","842","258","2456","1604","852","258","2463","1538","925","258","2454","1508","946","258","2474","1679","795","258","2466","1526","940","258","2472","1525","947","258","2456","1534","922","258","2468","1595","873","258","2467","1554","913"
,"259","2465","1633","832","259","2440","1560","880","259","2466","1547","919","259","2470","1596","874","259","2460","1573","887","259","2466","1549","917","259","2461","1588","873","259","2455","1538","917","259","2463","1650","813","259","2459","1638","821","259","2468","1635","833","259","2471","1638","833","259","2476","1681","795","259","2450","1560","890","259","2448","1569","879","259","2466","1525","941","259","2441","1550","891","259","2471","1617","854","259","2470","1585","885","259","2453","1455","998","259","2476","1641","835","259","2449","1603","846","259","2451","1540","911","259","2463","1500","963","259","2485","1682","803","259","2472","1519","953","259","2474","1526","948","259","2456","1527","929","259","2470","1590","880","259","2469","1562","907"
,"260","2442","1625","817","260","2450","1574","876","260","2456","1539","917","260","2464","1584","880","260","2460","1574","886","260","2452","1546","906","260","2456","1590","866","260","2460","1533","927","260","2472","1642","830","260","2448","1628","820","260","2480","1632","848","260","2476","1632","844","260","2479","1689","790","260","2464","1569","895","260","2468","1566","902","260","2460","1521","939","260","2452","1562","890","260","2451","1609","842","260","2470","1603","867","260","2454","1456","998","260","2472","1642","830","260","2454","1613","841","260","2461","1558","903","260","2440","1502","938","260","2480","1685","795","260","2475","1530","945","260","2475","1535","940","260","2461","1536","925","260","2465","1592","873","260","2481","1558","923"
,"261","2453","1629","824","261","2446","1584","862","261","2452","1539","913","261","2469","1580","889","261","2460","1575","885","261","2461","1542","919","261","2463","1598","865","261","2456","1533","923","261","2470","1645","825","261","2459","1624","835","261","2474","1630","844","261","2475","1640","835","261","2482","1699","783","261","2464","1583","881","261","2466","1554","912","261","2445","1513","932","261","2451","1566","885","261","2484","1625","859","261","2474","1599","875","261","2451","1472","979","261","2477","1638","839","261","2449","1622","827","261","2457","1564","893","261","2469","1519","950","261","2479","1683","796","261","2465","1521","944","261","2476","1544","932","261","2471","1553","918","261","2464","1595","869","261","2480","1560","920"
,"262","2459","1630","829","262","2464","1595","869","262","2458","1544","914","262","2461","1581","880","262","2464","1577","887","262","2456","1554","902","262","2462","1604","858","262","2462","1517","945","262","2477","1655","822","262","2467","1635","832","262","2481","1634","847","262","2474","1632","842","262","2482","1697","785","262","2462","1589","873","262","2458","1562","896","262","2449","1513","936","262","2451","1577","874","262","2477","1627","850","262","2474","1605","869","262","2453","1468","985","262","2476","1633","843","262","2454","1615","839","262","2461","1572","889","262","2457","1514","943","262","2476","1684","792","262","2463","1518","945","262","2472","1544","928","262","2451","1549","902","262","2468","1596","872","262","2485","1562","923"
,"263","2465","1634","831","263","2463","1594","869","263","2461","1546","915","263","2453","1582","871","263","2463","1571","892","263","2460","1565","895","263","2470","1597","873","263","2445","1510","935","263","2471","1656","815","263","2468","1648","820","263","2457","1635","822","263","2478","1628","850","263","2478","1689","789","263","2468","1591","877","263","2451","1570","881","263","2446","1512","934","263","2452","1580","872","263","2474","1621","853","263","2467","1610","857","263","2442","1462","980","263","2478","1633","845","263","2450","1624","826","263","2461","1578","883","263","2453","1518","935","263","2486","1690","796","263","2462","1533","929","263","2475","1541","934","263","2453","1548","905","263","2452","1584","868","263","2486","1567","919"
,"264","2468","1630","838","264","2474","1583","891","264","2471","1539","932","264","2459","1585","874","264","2457","1559","898","264","2466","1556","910","264","2462","1598","864","264","2448","1518","930","264","2471","1637","834","264","2466","1646","820","264","2463","1629","834","264","2470","1615","855","264","2468","1685","783","264","2467","1594","873","264","2457","1574","883","264","2465","1527","938","264","2456","1585","871","264","2465","1609","856","264","2467","1594","873","264","2445","1453","992","264","2484","1644","840","264","2465","1627","838","264","2456","1570","886","264","2469","1518","951","264","2480","1684","796","264","2456","1531","925","264","2475","1547","928","264","2459","1535","924","264","2482","1599","883","264","2474","1566","908"
,"265","2460","1635","825","265","2475","1592","883","265","2463","1532","931","265","2457","1583","874","265","2456","1569","887","265","2461","1552","909","265","2477","1600","877","265","2460","1534","926","265","2481","1647","834","265","2472","1645","827","265","2472","1624","848","265","2474","1614","860","265","2479","1690","789","265","2480","1590","890","265","2462","1570","892","265","2456","1518","938","265","2463","1575","888","265","2470","1616","854","265","2472","1593","879","265","2444","1456","988","265","2471","1629","842","265","2459","1627","832","265","2474","1580","894","265","2445","1517","928","265","2483","1683","800","265","2463","1526","937","265","2466","1536","930","265","2459","1548","911","265","2458","1589","869","265","2471","1564","907"
,"266","2476","1628","848","266","2475","1584","891","266","2464","1528","936","266","2467","1588","879","266","2473","1577","896","266","2460","1558","902","266","2463","1587","876","266","2455","1521","934","266","2470","1636","834","266","2462","1651","811","266","2476","1634","842","266","2480","1602","878","266","2474","1691","783","266","2464","1573","891","266","2461","1561","900","266","2456","1502","954","266","2466","1574","892","266","2473","1606","867","266","2467","1589","878","266","2446","1468","978","266","2471","1624","847","266","2472","1627","845","266","2465","1587","878","266","2463","1516","947","266","2486","1688","798","266","2461","1523","938","266","2454","1520","934","266","2454","1548","906","266","2462","1588","874","266","2475","1576","899"
,"267","2470","1630","840","267","2471","1588","883","267","2459","1523","936","267","2468","1587","881","267","2445","1568","877","267","2460","1561","899","267","2475","1586","889","267","2444","1516","928","267","2473","1634","839","267","2475","1663","812","267","2458","1621","837","267","2477","1610","867","267","2478","1692","786","267","2480","1580","900","267","2446","1558","888","267","2441","1498","943","267","2458","1572","886","267","2476","1605","871","267","2464","1589","875","267","2446","1467","979","267","2487","1625","862","267","2476","1653","823","267","2478","1592","886","267","2452","1508","944","267","2485","1692","793","267","2465","1535","930","267","2461","1528","933","267","2472","1562","910","267","2455","1588","867","267","2476","1576","900"
,"268","2482","1630","852","268","2469","1578","891","268","2458","1536","922","268","2457","1591","866","268","2470","1583","887","268","2449","1559","890","268","2460","1589","871","268","2453","1530","923","268","2472","1640","832","268","2469","1642","827","268","2465","1623","842","268","2470","1616","854","268","2475","1690","785","268","2479","1580","899","268","2456","1559","897","268","2453","1500","953","268","2460","1584","876","268","2462","1605","857","268","2459","1586","873","268","2443","1480","963","268","2473","1611","862","268","2469","1656","813","268","2470","1575","895","268","2460","1518","942","268","2489","1692","797","268","2462","1524","938","268","2462","1517","945","268","2463","1548","915","268","2460","1592","868","268","2470","1564","906"
,"269","2470","1619","851","269","2464","1575","889","269","2455","1539","916","269","2471","1589","882","269","2457","1561","896","269","2454","1556","898","269","2469","1579","890","269","2459","1521","938","269","2473","1643","830","269","2489","1646","843","269","2461","1621","840","269","2479","1629","850","269","2480","1696","784","269","2475","1580","895","269","2453","1565","888","269","2439","1521","918","269","2460","1579","881","269","2473","1603","870","269","2463","1596","867","269","2446","1488","958","269","2481","1622","859","269","2458","1649","809","269","2470","1561","909","269","2465","1517","948","269","2488","1691","797","269","2466","1508","958","269","2456","1514","942","269","2470","1564","906","269","2458","1614","844","269","2472","1575","897"
,"270","2471","1618","853","270","2473","1571","902","270","2459","1539","920","270","2469","1574","895","270","2465","1561","904","270","2459","1558","901","270","2465","1572","893","270","2456","1523","933","270","2470","1645","825","270","2483","1640","843","270","2459","1619","840","270","2476","1624","852","270","2492","1698","794","270","2469","1577","892","270","2455","1578","877","270","2444","1512","932","270","2452","1587","865","270","2478","1599","879","270","2473","1608","865","270","2462","1496","966","270","2479","1610","869","270","2476","1657","819","270","2466","1562","904","270","2460","1513","947","270","2486","1685","801","270","2449","1515","934","270","2465","1519","946","270","2457","1552","905","270","2469","1598","871","270","2469","1577","892"
,"271","2484","1622","862","271","2463","1565","898","271","2461","1543","918","271","2458","1575","883","271","2451","1557","894","271","2464","1557","907","271","2448","1558","890","271","2469","1525","944","271","2468","1634","834","271","2468","1637","831","271","2459","1615","844","271","2474","1627","847","271","2486","1709","777","271","2467","1577","890","271","2457","1567","890","271","2445","1509","936","271","2461","1589","872","271","2469","1599","870","271","2467","1615","852","271","2461","1490","971","271","2479","1617","862","271","2472","1652","820","271","2472","1561","911","271","2464","1525","939","271","2476","1683","793","271","2472","1530","942","271","2457","1527","930","271","2459","1557","902","271","2465","1612","853","271","2472","1582","890"
,"272","2479","1621","858","272","2463","1567","896","272","2442","1535","907","272","2460","1587","873","272","2445","1555","890","272","2471","1545","926","272","2462","1569","893","272","2452","1520","932","272","2476","1640","836","272","2472","1648","824","272","2467","1624","843","272","2467","1619","848","272","2486","1692","794","272","2467","1591","876","272","2452","1566","886","272","2445","1503","942","272","2460","1602","858","272","2479","1610","869","272","2474","1617","857","272","2457","1499","958","272","2474","1616","858","272","2461","1655","806","272","2462","1571","891","272","2450","1527","923","272","2476","1675","801","272","2464","1524","940","272","2468","1542","926","272","2461","1550","911","272","2455","1601","854","272","2478","1571","907"
,"273","2483","1621","862","273","2459","1562","897","273","2456","1541","915","273","2456","1587","869","273","2452","1558","894","273","2471","1542","929","273","2465","1569","896","273","2448","1509","939","273","2466","1643","823","273","2469","1637","832","273","2470","1636","834","273","2485","1630","855","273","2486","1679","807","273","2472","1592","880","273","2462","1575","887","273","2439","1526","913","273","2461","1591","870","273","2465","1609","856","273","2468","1614","854","273","2454","1491","963","273","2468","1626","842","273","2468","1650","818","273","2473","1567","906","273","2453","1522","931","273","2475","1664","811","273","2454","1518","936","273","2469","1537","932","273","2459","1554","905","273","2446","1594","852","273","2478","1572","906"
,"274","2470","1618","852","274","2458","1561","897","274","2452","1545","907","274","2466","1591","875","274","2458","1561","897","274","2452","1544","908","274","2466","1579","887","274","2441","1525","916","274","2477","1647","830","274","2474","1630","844","274","2463","1642","821","274","2470","1618","852","274","2474","1690","784","274","2476","1585","891","274","2454","1570","884","274","2443","1514","929","274","2470","1601","869","274","2463","1604","859","274","2473","1606","867","274","2440","1500","940","274","2470","1634","836","274","2476","1637","839","274","2462","1571","891","274","2451","1524","927","274","2481","1666","815","274","2457","1519","938","274","2472","1528","944","274","2463","1547","916","274","2441","1600","841","274","2480","1578","902"
,"275","2482","1621","861","275","2454","1557","897","275","2459","1545","914","275","2474","1592","882","275","2460","1572","888","275","2470","1548","922","275","2468","1566","902","275","2464","1536","928","275","2477","1640","837","275","2473","1636","837","275","2464","1642","822","275","2475","1612","863","275","2486","1683","803","275","2470","1598","872","275","2467","1574","893","275","2444","1506","938","275","2470","1586","884","275","2466","1602","864","275","2465","1635","830","275","2441","1493","948","275","2479","1626","853","275","2470","1637","833","275","2471","1579","892","275","2456","1534","922","275","2488","1661","827","275","2473","1535","938","275","2461","1541","920","275","2464","1560","904","275","2469","1600","869","275","2468","1565","903"
,"276","2468","1618","850","276","2447","1557","890","276","2462","1562","900","276","2463","1583","880","276","2450","1561","889","276","2470","1554","916","276","2467","1555","912","276","2451","1523","928","276","2478","1653","825","276","2468","1639","829","276","2482","1648","834","276","2468","1610","858","276","2484","1675","809","276","2487","1593","894","276","2450","1572","878","276","2447","1509","938","276","2458","1580","878","276","2467","1603","864","276","2461","1623","838","276","2441","1495","946","276","2479","1632","847","276","2474","1638","836","276","2463","1575","888","276","2469","1541","928","276","2483","1659","824","276","2477","1522","955","276","2472","1535","937","276","2471","1552","919","276","2447","1604","843","276","2465","1562","903"
,"277","2470","1620","850","277","2458","1562","896","277","2463","1553","910","277","2476","1594","882","277","2471","1568","903","277","2460","1551","909","277","2461","1547","914","277","2457","1538","919","277","2471","1647","824","277","2469","1642","827","277","2472","1653","819","277","2480","1608","872","277","2482","1669","813","277","2469","1590","879","277","2447","1578","869","277","2456","1517","939","277","2454","1555","899","277","2466","1600","866","277","2468","1612","856","277","2446","1491","955","277","2488","1624","864","277","2469","1618","851","277","2467","1570","897","277","2463","1546","917","277","2480","1656","824","277","2470","1520","950","277","2459","1543","916","277","2438","1534","904","277","2455","1612","843","277","2469","1563","906"
,"278","2479","1628","851","278","2465","1557","908","278","2466","1560","906","278","2463","1589","874","278","2462","1563","899","278","2460","1559","901","278","2438","1544","894","278","2456","1532","924","278","2478","1654","824","278","2460","1636","824","278","2482","1645","837","278","2469","1605","864","278","2483","1657","826","278","2478","1597","881","278","2459","1595","864","278","2452","1528","924","278","2469","1565","904","278","2467","1607","860","278","2453","1616","837","278","2455","1485","970","278","2467","1638","829","278","2459","1605","854","278","2454","1570","884","278","2477","1553","924","278","2482","1650","832","278","2466","1520","946","278","2473","1551","922","278","2460","1547","913","278","2456","1631","825","278","2475","1570","905"
,"279","2476","1624","852","279","2455","1553","902","279","2474","1552","922","279","2474","1611","863","279","2457","1566","891","279","2474","1554","920","279","2438","1551","887","279","2457","1548","909","279","2480","1653","827","279","2473","1638","835","279","2480","1644","836","279","2463","1589","874","279","2480","1679","801","279","2461","1584","877","279","2462","1581","881","279","2466","1534","932","279","2454","1565","889","279","2464","1609","855","279","2468","1629","839","279","2444","1486","958","279","2479","1640","839","279","2455","1615","840","279","2470","1581","889","279","2460","1541","919","279","2476","1652","824","279","2469","1529","940","279","2467","1555","912","279","2463","1544","919","279","2458","1620","838","279","2471","1563","908"
,"280","2472","1609","863","280","2453","1562","891","280","2464","1554","910","280","2470","1616","854","280","2463","1576","887","280","2476","1564","912","280","2441","1569","872","280","2462","1552","910","280","2479","1653","826","280","2474","1639","835","280","2473","1631","842","280","2472","1596","876","280","2482","1676","806","280","2469","1594","875","280","2451","1584","867","280","2458","1534","924","280","2442","1563","879","280","2467","1600","867","280","2470","1643","827","280","2445","1494","951","280","2478","1642","836","280","2468","1613","855","280","2458","1571","887","280","2469","1556","913","280","2477","1647","830","280","2474","1522","952","280","2468","1548","920","280","2466","1554","912","280","2472","1612","860","280","2476","1569","907"
,"281","2473","1622","851","281","2450","1555","895","281","2466","1564","902","281","2463","1611","852","281","2462","1590","872","281","2473","1557","916","281","2476","1576","900","281","2462","1547","915","281","2482","1669","813","281","2467","1633","834","281","2476","1630","846","281","2468","1606","862","281","2473","1673","800","281","2466","1599","867","281","2473","1573","900","281","2463","1530","933","281","2444","1540","904","281","2475","1597","878","281","2474","1634","840","281","2454","1510","944","281","2477","1649","828","281","2458","1612","846","281","2466","1568","898","281","2472","1555","917","281","2478","1658","820","281","2457","1522","935","281","2463","1549","914","281","2459","1547","912","281","2467","1628","839","281","2473","1562","911"
,"282","2468","1623","845","282","2456","1558","898","282","2476","1565","911","282","2473","1611","862","282","2460","1587","873","282","2478","1570","908","282","2465","1577","888","282","2464","1560","904","282","2480","1663","817","282","2476","1651","825","282","2477","1635","842","282","2468","1600","868","282","2469","1672","797","282","2472","1607","865","282","2455","1581","874","282","2460","1531","929","282","2442","1548","894","282","2455","1590","865","282","2476","1635","841","282","2461","1500","961","282","2474","1666","808","282","2463","1612","851","282","2468","1570","898","282","2478","1552","926","282","2474","1656","818","282","2465","1518","947","282","2476","1538","938","282","2455","1557","898","282","2473","1634","839","282","2469","1558","911"
,"283","2474","1620","854","283","2461","1560","901","283","2464","1559","905","283","2474","1611","863","283","2476","1592","884","283","2477","1568","909","283","2465","1582","883","283","2465","1557","908","283","2484","1669","815","283","2473","1639","834","283","2471","1625","846","283","2476","1608","868","283","2478","1683","795","283","2481","1600","881","283","2462","1587","875","283","2456","1536","920","283","2462","1559","903","283","2463","1602","861","283","2472","1631","841","283","2447","1495","952","283","2481","1657","824","283","2467","1622","845","283","2463","1572","891","283","2466","1554","912","283","2478","1652","826","283","2470","1537","933","283","2461","1534","927","283","2458","1558","900","283","2468","1622","846","283","2466","1561","905"
,"284","2469","1637","832","284","2461","1553","908","284","2463","1572","891","284","2480","1614","866","284","2465","1589","876","284","2469","1562","907","284","2454","1570","884","284","2472","1568","904","284","2478","1662","816","284","2473","1636","837","284","2472","1615","857","284","2476","1596","880","284","2491","1679","812","284","2478","1596","882","284","2471","1575","896","284","2466","1550","916","284","2444","1561","883","284","2456","1598","858","284","2466","1626","840","284","2444","1474","970","284","2479","1657","822","284","2460","1622","838","284","2458","1573","885","284","2471","1570","901","284","2479","1658","821","284","2460","1525","935","284","2484","1551","933","284","2465","1548","917","284","2472","1645","827","284","2473","1553","920"
,"285","2470","1630","840","285","2457","1537","920","285","2457","1571","886","285","2475","1609","866","285","2471","1590","881","285","2471","1561","910","285","2448","1564","884","285","2469","1564","905","285","2481","1665","816","285","2462","1622","840","285","2469","1629","840","285","2476","1602","874","285","2484","1683","801","285","2466","1588","878","285","2464","1569","895","285","2464","1545","919","285","2445","1565","880","285","2461","1598","863","285","2466","1632","834","285","2442","1477","965","285","2487","1655","832","285","2463","1625","838","285","2477","1577","900","285","2478","1570","908","285","2471","1651","820","285","2461","1513","948","285","2466","1543","923","285","2459","1564","895","285","2481","1636","845","285","2475","1566","909"
,"286","2469","1625","844","286","2464","1559","905","286","2468","1576","892","286","2481","1610","871","286","2468","1599","869","286","2471","1554","917","286","2458","1565","893","286","2469","1577","892","286","2478","1655","823","286","2461","1632","829","286","2470","1624","846","286","2470","1612","858","286","2484","1687","797","286","2467","1578","889","286","2459","1574","885","286","2452","1534","918","286","2457","1567","890","286","2457","1599","858","286","2483","1633","850","286","2463","1471","992","286","2489","1657","832","286","2462","1626","836","286","2467","1579","888","286","2471","1561","910","286","2478","1662","816","286","2457","1519","938","286","2482","1549","933","286","2476","1584","892","286","2473","1650","823","286","2477","1573","904"
,"287","2470","1632","838","287","2454","1553","901","287","2456","1560","896","287","2482","1595","887","287","2467","1580","887","287","2457","1564","893","287","2461","1576","885","287","2478","1577","901","287","2481","1668","813","287","2467","1643","824","287","2473","1626","847","287","2470","1602","868","287","2492","1682","810","287","2478","1581","897","287","2459","1569","890","287","2453","1537","916","287","2445","1571","874","287","2468","1594","874","287","2475","1629","846","287","2455","1476","979","287","2484","1658","826","287","2475","1634","841","287","2474","1590","884","287","2476","1563","913","287","2488","1669","819","287","2469","1523","946","287","2470","1535","935","287","2469","1579","890","287","2474","1651","823","287","2477","1574","903"
,"288","2474","1627","847","288","2457","1554","903","288","2472","1573","899","288","2478","1596","882","288","2465","1573","892","288","2477","1560","917","288","2448","1566","882","288","2476","1577","899","288","2473","1653","820","288","2472","1638","834","288","2474","1621","853","288","2475","1579","896","288","2487","1677","810","288","2467","1596","871","288","2467","1564","903","288","2466","1550","916","288","2458","1573","885","288","2465","1598","867","288","2475","1635","840","288","2459","1480","979","288","2481","1646","835","288","2471","1645","826","288","2478","1584","894","288","2472","1548","924","288","2476","1672","804","288","2471","1526","945","288","2475","1537","938","288","2467","1580","887","288","2482","1651","831","288","2479","1567","912"
,"289","2467","1624","843","289","2459","1545","914","289","2461","1556","905","289","2468","1582","886","289","2466","1560","906","289","2464","1573","891","289","2454","1555","899","289","2482","1565","917","289","2483","1658","825","289","2482","1642","840","289","2462","1615","847","289","2463","1584","879","289","2479","1668","811","289","2475","1603","872","289","2468","1554","914","289","2457","1555","902","289","2455","1577","878","289","2466","1589","877","289","2467","1635","832","289","2447","1474","973","289","2480","1640","840","289","2479","1663","816","289","2461","1586","875","289","2476","1561","915","289","2480","1672","808","289","2465","1535","930","289","2479","1534","945","289","2487","1582","905","289","2476","1649","827","289","2470","1548","922"
,"290","2476","1624","852","290","2440","1542","898","290","2465","1556","909","290","2456","1583","873","290","2457","1577","880","290","2473","1556","917","290","2448","1554","894","290","2472","1561","911","290","2480","1661","819","290","2476","1641","835","290","2470","1621","849","290","2466","1595","871","290","2480","1662","818","290","2477","1605","872","290","2466","1555","911","290","2466","1549","917","290","2452","1587","865","290","2452","1588","864","290","2481","1626","855","290","2447","1465","982","290","2476","1643","833","290","2486","1660","826","290","2474","1596","878","290","2464","1557","907","290","2471","1663","808","290","2471","1542","929","290","2471","1521","950","290","2478","1580","898","290","2474","1633","841","290","2479","1550","929"
,"291","2473","1629","844","291","2462","1562","900","291","2466","1552","914","291","2455","1578","877","291","2454","1577","877","291","2454","1545","909","291","2452","1549","903","291","2467","1559","908","291","2476","1655","821","291","2462","1629","833","291","2471","1615","856","291","2462","1590","872","291","2476","1670","806","291","2482","1604","878","291","2459","1556","903","291","2456","1539","917","291","2460","1590","870","291","2476","1596","880","291","2476","1628","848","291","2445","1469","976","291","2473","1636","837","291","2479","1652","827","291","2464","1593","871","291","2471","1552","919","291","2462","1672","790","291","2472","1541","931","291","2473","1522","951","291","2471","1570","901","291","2469","1632","837","291","2473","1541","932"
,"292","2476","1634","842","292","2465","1551","914","292","2457","1565","892","292","2461","1586","875","292","2457","1583","874","292","2470","1559","911","292","2446","1556","890","292","2470","1541","929","292","2483","1668","815","292","2459","1628","831","292","2477","1608","869","292","2466","1590","876","292","2484","1659","825","292","2485","1612","873","292","2460","1556","904","292","2461","1553","908","292","2446","1585","861","292","2459","1580","879","292","2479","1630","849","292","2433","1461","972","292","2468","1631","837","292","2473","1651","822","292","2467","1592","875","292","2468","1541","927","292","2482","1681","801","292","2475","1548","927","292","2469","1517","952","292","2476","1566","910","292","2472","1640","832","292","2471","1534","937"
,"293","2471","1631","840","293","2462","1571","891","293","2468","1561","907","293","2464","1583","881","293","2468","1581","887","293","2470","1567","903","293","2457","1562","895","293","2463","1552","911","293","2483","1658","825","293","2461","1642","819","293","2467","1602","865","293","2470","1604","866","293","2483","1659","824","293","2468","1606","862","293","2459","1573","886","293","2469","1548","921","293","2455","1587","868","293","2455","1582","873","293","2486","1622","864","293","2457","1472","985","293","2480","1632","848","293","2481","1660","821","293","2483","1592","891","293","2469","1539","930","293","2470","1670","800","293","2471","1542","929","293","2471","1519","952","293","2461","1552","909","293","2467","1636","831","293","2473","1533","940"
,"294","2476","1636","840","294","2468","1571","897","294","2478","1568","910","294","2452","1587","865","294","2469","1593","876","294","2460","1566","894","294","2467","1580","887","294","2474","1562","912","294","2488","1646","842","294","2483","1658","825","294","2476","1607","869","294","2469","1608","861","294","2479","1653","826","294","2483","1611","872","294","2458","1587","871","294","2470","1545","925","294","2473","1588","885","294","2472","1606","866","294","2476","1619","857","294","2451","1467","984","294","2480","1631","849","294","2485","1656","829","294","2477","1596","881","294","2466","1551","915","294","2465","1661","804","294","2467","1531","936","294","2472","1514","958","294","2474","1558","916","294","2474","1625","849","294","2472","1539","933"
,"295","2479","1634","845","295","2459","1577","882","295","2475","1560","915","295","2458","1583","875","295","2459","1579","880","295","2470","1579","891","295","2472","1589","883","295","2473","1549","924","295","2484","1649","835","295","2486","1653","833","295","2475","1619","856","295","2468","1605","863","295","2483","1657","826","295","2479","1600","879","295","2451","1571","880","295","2461","1538","923","295","2465","1586","879","295","2458","1588","870","295","2480","1613","867","295","2448","1473","975","295","2471","1635","836","295","2472","1643","829","295","2464","1600","864","295","2470","1537","933","295","2480","1678","802","295","2476","1542","934","295","2471","1519","952","295","2478","1557","921","295","2481","1630","851","295","2480","1559","921"
,"296","2475","1638","837","296","2455","1581","874","296","2466","1554","912","296","2452","1578","874","296","2456","1582","874","296","2469","1574","895","296","2469","1593","876","296","2469","1564","905","296","2478","1646","832","296","2460","1632","828","296","2472","1608","864","296","2483","1620","863","296","2478","1655","823","296","2470","1601","869","296","2463","1575","888","296","2466","1531","935","296","2460","1584","876","296","2448","1602","846","296","2483","1621","862","296","2448","1476","972","296","2481","1637","844","296","2473","1643","830","296","2479","1599","880","296","2464","1540","924","296","2477","1683","794","296","2464","1527","937","296","2478","1522","956","296","2484","1569","915","296","2466","1615","851","296","2471","1558","913"
,"297","2472","1626","846","297","2465","1588","877","297","2468","1547","921","297","2454","1577","877","297","2460","1570","890","297","2480","1569","911","297","2470","1593","877","297","2475","1554","921","297","2474","1651","823","297","2480","1648","832","297","2482","1615","867","297","2470","1619","851","297","2480","1644","836","297","2474","1601","873","297","2474","1577","897","297","2445","1529","916","297","2459","1593","866","297","2476","1607","869","297","2466","1612","854","297","2445","1481","964","297","2476","1638","838","297","2479","1653","826","297","2471","1610","861","297","2461","1550","911","297","2483","1681","802","297","2476","1525","951","297","2466","1528","938","297","2475","1554","921","297","2469","1618","851","297","2474","1560","914"
,"298","2474","1641","833","298","2450","1582","868","298","2458","1551","907","298","2454","1582","872","298","2454","1581","873","298","2464","1551","913","298","2473","1591","882","298","2472","1549","923","298","2477","1663","814","298","2475","1652","823","298","2469","1611","858","298","2482","1612","870","298","2467","1637","830","298","2480","1600","880","298","2472","1584","888","298","2461","1541","920","298","2470","1605","865","298","2471","1601","870","298","2483","1613","870","298","2448","1476","972","298","2469","1627","842","298","2480","1653","827","298","2484","1606","878","298","2478","1560","918","298","2479","1685","794","298","2484","1541","943","298","2472","1528","944","298","2479","1554","925","298","2460","1608","852","298","2480","1566","914"
,"299","2484","1626","858","299","2474","1588","886","299","2465","1559","906","299","2471","1587","884","299","2453","1584","869","299","2466","1563","903","299","2473","1581","892","299","2473","1572","901","299","2473","1652","821","299","2475","1639","836","299","2473","1632","841","299","2474","1612","862","299","2476","1639","837","299","2478","1611","867","299","2476","1579","897","299","2473","1552","921","299","2476","1598","878","299","2463","1589","874","299","2474","1612","862","299","2455","1477","978","299","2467","1626","841","299","2472","1646","826","299","2461","1584","877","299","2486","1563","923","299","2482","1682","800","299","2467","1517","950","299","2466","1526","940","299","2473","1563","910","299","2472","1621","851","299","2481","1553","928"
,"300","2476","1617","859","300","2474","1599","875","300","2463","1563","900","300","2468","1576","892","300","2461","1588","873","300","2464","1560","904","300","2457","1588","869","300","2482","1554","928","300","2468","1641","827","300","2474","1643","831","300","2482","1625","857","300","2477","1618","859","300","2475","1648","827","300","2479","1610","869","300","2469","1579","890","300","2462","1541","921","300","2470","1595","875","300","2468","1591","877","300","2483","1604","879","300","2451","1475","976","300","2468","1623","845","300","2473","1645","828","300","2471","1593","878","300","2478","1567","911","300","2477","1688","789","300","2469","1520","949","300","2478","1532","946","300","2470","1555","915","300","2459","1614","845","300","2475","1552","923"
,"301","2475","1615","860","301","2482","1616","866","301","2467","1566","901","301","2467","1583","884","301","2469","1592","877","301","2472","1561","911","301","2476","1587","889","301","2487","1570","917","301","2480","1647","833","301","2476","1656","820","301","2483","1625","858","301","2475","1619","856","301","2463","1641","822","301","2479","1621","858","301","2474","1589","885","301","2461","1543","918","301","2471","1587","884","301","2463","1590","873","301","2473","1622","851","301","2450","1492","958","301","2470","1615","855","301","2465","1637","828","301","2469","1591","878","301","2476","1556","920","301","2484","1694","790","301","2471","1532","939","301","2459","1511","948","301","2475","1562","913","301","2464","1616","848","301","2470","1544","926"
,"302","2487","1634","853","302","2477","1610","867","302","2465","1568","897","302","2458","1576","882","302","2469","1593","876","302","2473","1566","907","302","2467","1581","886","302","2489","1566","923","302","2474","1633","841","302","2486","1652","834","302","2468","1624","844","302","2473","1612","861","302","2469","1649","820","302","2483","1609","874","302","2470","1585","885","302","2471","1540","931","302","2474","1602","872","302","2473","1594","879","302","2479","1618","861","302","2459","1493","966","302","2484","1615","869","302","2457","1620","837","302","2474","1598","876","302","2460","1560","900","302","2477","1677","800","302","2461","1537","924","302","2477","1536","941","302","2479","1562","917","302","2476","1611","865","302","2483","1562","921"
,"303","2475","1623","852","303","2485","1615","870","303","2466","1555","911","303","2468","1585","883","303","2468","1590","878","303","2461","1559","902","303","2461","1576","885","303","2470","1564","906","303","2474","1655","819","303","2483","1637","846","303","2481","1620","861","303","2470","1614","856","303","2477","1659","818","303","2481","1604","877","303","2475","1593","882","303","2476","1549","927","303","2469","1604","865","303","2475","1603","872","303","2477","1618","859","303","2456","1486","970","303","2468","1604","864","303","2464","1630","834","303","2475","1604","871","303","2482","1563","919","303","2481","1689","792","303","2478","1539","939","303","2465","1522","943","303","2477","1573","904","303","2466","1616","850","303","2471","1554","917"
,"304","2476","1627","849","304","2483","1617","866","304","2480","1559","921","304","2476","1591","885","304","2466","1603","863","304","2481","1571","910","304","2470","1589","881","304","2470","1561","909","304","2468","1656","812","304","2480","1635","845","304","2480","1607","873","304","2472","1617","855","304","2473","1648","825","304","2483","1622","861","304","2477","1587","890","304","2474","1539","935","304","2457","1598","859","304","2471","1590","881","304","2472","1617","855","304","2450","1479","971","304","2467","1610","857","304","2466","1634","832","304","2485","1590","895","304","2474","1566","908","304","2484","1678","806","304","2466","1527","939","304","2468","1524","944","304","2480","1577","903","304","2475","1623","852","304","2476","1564","912"
,"305","2488","1629","859","305","2471","1609","862","305","2466","1560","906","305","2467","1590","877","305","2466","1608","858","305","2460","1561","899","305","2464","1566","898","305","2475","1561","914","305","2472","1650","822","305","2465","1623","842","305","2479","1612","867","305","2468","1602","866","305","2466","1653","813","305","2482","1616","866","305","2475","1587","888","305","2474","1536","938","305","2469","1601","868","305","2466","1591","875","305","2476","1630","846","305","2453","1481","972","305","2477","1601","876","305","2480","1659","821","305","2481","1585","896","305","2470","1565","905","305","2473","1660","813","305","2477","1533","944","305","2480","1530","950","305","2480","1556","924","305","2475","1625","850","305","2486","1563","923"
,"306","2465","1614","851","306","2470","1604","866","306","2475","1553","922","306","2470","1589","881","306","2466","1610","856","306","2474","1563","911","306","2457","1566","891","306","2458","1554","904","306","2482","1648","834","306","2465","1612","853","306","2469","1606","863","306","2464","1592","872","306","2465","1648","817","306","2477","1610","867","306","2476","1577","899","306","2466","1532","934","306","2459","1585","874","306","2467","1599","868","306","2481","1627","854","306","2446","1482","964","306","2462","1585","877","306","2473","1639","834","306","2465","1581","884","306","2475","1557","918","306","2476","1665","811","306","2474","1525","949","306","2481","1528","953","306","2476","1566","910","306","2476","1622","854","306","2485","1556","929"
,"307","2478","1596","882","307","2469","1594","875","307","2460","1558","902","307","2467","1585","882","307","2469","1596","873","307","2470","1560","910","307","2459","1559","900","307","2478","1551","927","307","2462","1646","816","307","2469","1608","861","307","2472","1602","870","307","2453","1574","879","307","2464","1651","813","307","2480","1609","871","307","2456","1563","893","307","2456","1519","937","307","2469","1606","863","307","2464","1601","863","307","2464","1600","864","307","2448","1475","973","307","2470","1600","870","307","2472","1630","842","307","2470","1584","886","307","2469","1540","929","307","2474","1659","815","307","2465","1513","952","307","2468","1525","943","307","2473","1577","896","307","2472","1622","850","307","2479","1539","940"
,"308","2466","1590","876","308","2459","1585","874","308","2456","1537","919","308","2455","1574","881","308","2459","1575","884","308","2476","1557","919","308","2446","1545","901","308","2471","1528","943","308","2469","1629","840","308","2460","1595","865","308","2463","1581","882","308","2459","1554","905","308","2453","1644","809","308","2465","1593","872","308","2468","1555","913","308","2457","1511","946","308","2460","1582","878","308","2459","1588","871","308","2451","1599","852","308","2449","1468","981","308","2465","1578","887","308","2465","1623","842","308","2456","1571","885","308","2462","1532","930","308","2474","1654","820","308","2463","1498","965","308","2462","1503","959","308","2463","1541","922","308","2447","1599","848","308","2461","1520","941"
,"309","2459","1556","903","309","2444","1568","876","309","2461","1525","936","309","2457","1554","903","309","2439","1552","887","309","2460","1538","922","309","2439","1537","902","309","2451","1502","949","309","2463","1631","832","309","2467","1590","877","309","2453","1592","861","309","2446","1542","904","309","2458","1628","830","309","2469","1579","890","309","2451","1539","912","309","2451","1486","965","309","2451","1575","876","309","2465","1579","886","309","2458","1596","862","309","2436","1463","973","309","2465","1575","890","309","2457","1596","861","309","2468","1558","910","309","2465","1509","956","309","2468","1645","823","309","2460","1492","968","309","2456","1483","973","309","2457","1550","907","309","2460","1588","872","309","2465","1508","957"
,"310","2461","1546","915","310","2463","1568","895","310","2443","1491","952","310","2441","1547","894","310","2440","1550","890","310","2457","1519","938","310","2447","1533","914","310","2451","1475","976","310","2444","1599","845","310","2458","1587","871","310","2466","1587","879","310","2450","1536","914","310","2455","1625","830","310","2468","1567","901","310","2457","1535","922","310","2434","1486","948","310","2463","1567","896","310","2468","1581","887","310","2472","1595","877","310","2444","1477","967","310","2449","1563","886","310","2449","1591","858","310","2461","1541","920","310","2452","1483","969","310","2466","1627","839","310","2442","1478","964","310","2454","1452","1002","310","2458","1540","918","310","2454","1573","881","310","2453","1479","974"
,"311","2446","1537","909","311","2457","1548","909","311","2446","1493","953","311","2453","1542","911","311","2431","1536","895","311","2466","1525","941","311","2437","1524","913","311","2453","1474","979","311","2454","1591","863","311","2461","1586","875","311","2466","1578","888","311","2450","1524","926","311","2457","1606","851","311","2459","1547","912","311","2446","1508","938","311","2454","1472","982","311","2460","1556","904","311","2456","1567","889","311","2456","1577","879","311","2440","1457","983","311","2455","1568","887","311","2448","1579","869","311","2463","1546","917","311","2450","1468","982","311","2458","1619","839","311","2433","1470","963","311","2463","1442","1021","311","2465","1522","943","311","2436","1542","894","311","2445","1465","980"
,"312","2453","1541","912","312","2452","1521","931","312","2432","1491","941","312","2455","1526","929","312","2438","1525","913","312","2468","1499","969","312","2447","1540","907","312","2461","1488","973","312","2461","1588","873","312","2458","1585","873","312","2458","1562","896","312","2441","1518","923","312","2429","1576","853","312","2455","1518","937","312","2448","1487","961","312","2448","1465","983","312","2458","1542","916","312","2463","1552","911","312","2464","1597","867","312","2445","1456","989","312","2455","1558","897","312","2466","1589","877","312","2469","1531","938","312","2448","1457","991","312","2459","1605","854","312","2436","1450","986","312","2464","1445","1019","312","2469","1515","954","312","2451","1539","912","312","2446","1482","964"
,"313","2445","1515","930","313","2460","1526","934","313","2444","1484","960","313","2448","1512","936","313","2436","1523","913","313","2461","1492","969","313","2458","1521","937","313","2457","1475","982","313","2460","1580","880","313","2459","1592","867","313","2447","1550","897","313","2454","1521","933","313","2454","1595","859","313","2450","1521","929","313","2426","1447","979","313","2447","1453","994","313","2453","1526","927","313","2438","1547","891","313","2474","1590","884","313","2414","1444","970","313","2439","1545","894","313","2460","1587","873","313","2450","1521","929","313","2433","1434","999","313","2456","1590","866","313","2452","1452","1000","313","2464","1443","1021","313","2447","1485","962","313","2434","1513","921","313","2452","1472","980"
,"314","2440","1509","931","314","2457","1536","921","314","2424","1476","948","314","2438","1503","935","314","2444","1547","897","314","2457","1486","971","314","2455","1521","934","314","2460","1480","980","314","2461","1578","883","314","2463","1602","861","314","2455","1556","899","314","2447","1518","929","314","2449","1592","857","314","2453","1530","923","314","2443","1457","986","314","2450","1441","1009","314","2451","1516","935","314","2462","1546","916","314","2473","1606","867","314","2433","1452","981","314","2451","1554","897","314","2464","1600","864","314","2456","1519","937","314","2436","1453","983","314","2457","1586","871","314","2448","1448","1000","314","2456","1446","1010","314","2451","1475","976","314","2444","1523","921","314","2456","1477","979"
,"315","2452","1516","936","315","2457","1535","922","315","2456","1496","960","315","2447","1498","949","315","2442","1542","900","315","2458","1480","978","315","2457","1528","929","315","2458","1475","983","315","2463","1582","881","315","2467","1597","870","315","2455","1549","906","315","2443","1532","911","315","2449","1586","863","315","2465","1534","931","315","2438","1448","990","315","2429","1434","995","315","2436","1526","910","315","2462","1545","917","315","2459","1593","866","315","2449","1434","1015","315","2458","1544","914","315","2457","1600","857","315","2455","1530","925","315","2458","1457","1001","315","2477","1574","903","315","2440","1423","1017","315","2453","1427","1026","315","2456","1478","978","315","2451","1523","928","315","2459","1497","962"
,"316","2440","1498","942","316","2455","1544","911","316","2446","1505","941","316","2443","1489","954","316","2450","1531","919","316","2456","1476","980","316","2458","1527","931","316","2464","1480","984","316","2454","1587","867","316","2453","1601","852","316","2468","1544","924","316","2453","1528","925","316","2454","1584","870","316","2468","1534","934","316","2436","1459","977","316","2442","1442","1000","316","2456","1536","920","316","2461","1532","929","316","2471","1588","883","316","2434","1428","1006","316","2463","1552","911","316","2462","1585","877","316","2459","1529","930","316","2455","1464","991","316","2458","1586","872","316","2438","1420","1018","316","2459","1424","1035","316","2460","1480","980","316","2441","1521","920","316","2468","1475","993"
,"317","2453","1506","947","317","2463","1546","917","317","2444","1477","967","317","2447","1506","941","317","2450","1545","905","317","2468","1489","979","317","2465","1526","939","317","2449","1448","1001","317","2449","1589","860","317","2472","1590","882","317","2449","1534","915","317","2450","1520","930","317","2462","1583","879","317","2475","1535","940","317","2436","1462","974","317","2432","1440","992","317","2458","1539","919","317","2451","1537","914","317","2471","1590","881","317","2432","1426","1006","317","2461","1557","904","317","2465","1590","875","317","2462","1516","946","317","2450","1452","998","317","2473","1591","882","317","2441","1428","1013","317","2440","1407","1033","317","2452","1476","976","317","2442","1518","924","317","2460","1457","1003"
,"318","2445","1493","952","318","2476","1533","943","318","2453","1479","974","318","2445","1495","950","318","2445","1528","917","318","2458","1475","983","318","2455","1532","923","318","2448","1442","1006","318","2466","1592","874","318","2468","1592","876","318","2463","1533","930","318","2459","1528","931","318","2446","1583","863","318","2481","1523","958","318","2458","1471","987","318","2450","1431","1019","318","2464","1534","930","318","2459","1548","911","318","2474","1589","885","318","2433","1428","1005","318","2455","1545","910","318","2471","1582","889","318","2464","1511","953","318","2433","1451","982","318","2465","1572","893","318","2441","1425","1016","318","2462","1423","1039","318","2449","1475","974","318","2445","1510","935","318","2451","1462","989"
,"319","2454","1511","943","319","2466","1532","934","319","2449","1481","968","319","2448","1508","940","319","2457","1544","913","319","2460","1485","975","319","2463","1531","932","319","2452","1466","986","319","2472","1609","863","319","2469","1594","875","319","2460","1525","935","319","2467","1515","952","319","2458","1577","881","319","2475","1527","948","319","2451","1469","982","319","2445","1406","1039","319","2463","1529","934","319","2461","1548","913","319","2465","1593","872","319","2439","1436","1003","319","2459","1551","908","319","2462","1558","904","319","2437","1505","932","319","2451","1476","975","319","2463","1563","900","319","2439","1428","1011","319","2447","1422","1025","319","2449","1465","984","319","2442","1508","934","319","2454","1463","991"
,"320","2463","1511","952","320","2467","1531","936","320","2456","1487","969","320","2442","1506","936","320","2461","1552","909","320","2464","1488","976","320","2472","1517","955","320","2460","1455","1005","320","2472","1605","867","320","2459","1577","882","320","2475","1531","944","320","2437","1509","928","320","2452","1583","869","320","2464","1507","957","320","2444","1461","983","320","2436","1418","1018","320","2462","1520","942","320","2450","1532","918","320","2466","1581","885","320","2441","1430","1011","320","2456","1549","907","320","2471","1562","909","320","2451","1520","931","320","2459","1462","997","320","2462","1576","886","320","2438","1422","1016","320","2446","1402","1044","320","2442","1476","966","320","2457","1525","932","320","2464","1468","996"
,"321","2451","1516","935","321","2473","1521","952","321","2451","1497","954","321","2436","1497","939","321","2450","1542","908","321","2463","1478","985","321","2464","1525","939","321","2448","1446","1002","321","2469","1593","876","321","2474","1584","890","321","2468","1533","935","321","2462","1519","943","321","2471","1598","873","321","2472","1509","963","321","2441","1437","1004","321","2434","1426","1008","321","2444","1509","935","321","2459","1543","916","321","2466","1573","893","321","2442","1436","1006","321","2456","1554","902","321","2462","1567","895","321","2467","1519","948","321","2451","1479","972","321","2469","1586","883","321","2439","1442","997","321","2442","1414","1028","321","2463","1494","969","321","2453","1535","918","321","2455","1454","1001"
,"322","2462","1528","934","322","2471","1522","949","322","2465","1497","968","322","2444","1511","933","322","2450","1536","914","322","2467","1481","986","322","2450","1520","930","322","2444","1455","989","322","2470","1591","879","322","2465","1566","899","322","2470","1538","932","322","2464","1510","954","322","2464","1586","878","322","2476","1507","969","322","2450","1431","1019","322","2430","1425","1005","322","2452","1517","935","322","2456","1543","913","322","2476","1590","886","322","2423","1407","1016","322","2450","1569","881","322","2459","1564","895","322","2457","1541","916","322","2459","1471","988","322","2474","1576","898","322","2451","1432","1019","322","2444","1406","1038","322","2456","1486","970","322","2441","1538","903","322","2451","1451","1000"
,"323","2463","1523","940","323","2456","1529","927","323","2460","1497","963","323","2435","1513","922","323","2458","1541","917","323","2455","1479","976","323","2461","1524","937","323","2462","1463","999","323","2457","1595","862","323","2462","1582","880","323","2467","1538","929","323","2471","1527","944","323","2477","1582","895","323","2466","1505","961","323","2455","1456","999","323","2426","1436","990","323","2462","1535","927","323","2463","1572","891","323","2472","1578","894","323","2426","1419","1007","323","2457","1570","887","323","2448","1571","877","323","2462","1531","931","323","2451","1476","975","323","2472","1574","898","323","2447","1434","1013","323","2453","1420","1033","323","2451","1485","966","323","2452","1526","926","323","2452","1456","996"
,"324","2463","1535","928","324","2463","1519","944","324","2450","1503","947","324","2449","1516","933","324","2451","1558","893","324","2451","1471","980","324","2459","1514","945","324","2457","1456","1001","324","2471","1588","883","324","2471","1582","889","324","2468","1535","933","324","2464","1512","952","324","2459","1568","891","324","2481","1513","968","324","2446","1472","974","324","2420","1429","991","324","2469","1523","946","324","2459","1558","901","324","2462","1569","893","324","2451","1432","1019","324","2466","1569","897","324","2466","1580","886","324","2462","1525","937","324","2442","1470","972","324","2461","1567","894","324","2451","1416","1035","324","2454","1417","1037","324","2462","1500","962","324","2460","1527","933","324","2450","1459","991"
,"325","2465","1524","941","325","2470","1510","960","325","2472","1506","966","325","2443","1497","946","325","2462","1556","906","325","2452","1468","984","325","2450","1503","947","325","2450","1449","1001","325","2462","1586","876","325","2461","1584","877","325","2461","1516","945","325","2464","1511","953","325","2445","1573","872","325","2463","1511","952","325","2438","1446","992","325","2425","1436","989","325","2465","1509","956","325","2457","1563","894","325","2469","1576","893","325","2441","1422","1019","325","2459","1576","883","325","2458","1578","880","325","2462","1525","937","325","2462","1474","988","325","2459","1556","903","325","2449","1426","1023","325","2444","1398","1046","325","2474","1511","963","325","2442","1527","915","325","2460","1456","1004"
,"326","2463","1521","942","326","2474","1516","958","326","2446","1492","954","326","2443","1509","934","326","2458","1546","912","326","2468","1471","997","326","2456","1512","944","326","2434","1441","993","326","2459","1602","857","326","2469","1594","875","326","2443","1521","922","326","2463","1523","940","326","2454","1584","870","326","2475","1508","967","326","2428","1451","977","326","2442","1442","1000","326","2453","1507","946","326","2448","1560","888","326","2470","1573","897","326","2436","1423","1013","326","2465","1560","905","326","2461","1576","885","326","2467","1518","949","326","2469","1477","992","326","2461","1557","904","326","2453","1420","1033","326","2446","1431","1015","326","2458","1491","967","326","2447","1521","926","326","2465","1462","1003"
,"327","2463","1519","944","327","2456","1510","946","327","2449","1473","976","327","2446","1526","920","327","2452","1547","905","327","2458","1488","970","327","2443","1501","942","327","2457","1456","1001","327","2464","1605","859","327","2477","1590","887","327","2471","1514","957","327","2471","1531","940","327","2470","1603","867","327","2474","1516","958","327","2455","1472","983","327","2428","1437","991","327","2462","1505","957","327","2471","1549","922","327","2468","1572","896","327","2433","1446","987","327","2466","1581","885","327","2457","1567","890","327","2460","1504","956","327","2471","1483","988","327","2453","1553","900","327","2453","1421","1032","327","2452","1414","1038","327","2454","1483","971","327","2452","1520","932","327","2458","1453","1005"
,"328","2456","1525","931","328","2465","1519","946","328","2440","1481","959","328","2438","1507","931","328","2458","1560","898","328","2452","1483","969","328","2450","1510","940","328","2431","1439","992","328","2472","1603","869","328","2466","1587","879","328","2456","1503","953","328","2456","1511","945","328","2461","1591","870","328","2479","1522","957","328","2442","1456","986","328","2444","1438","1006","328","2458","1497","961","328","2450","1541","909","328","2462","1569","893","328","2432","1413","1019","328","2459","1566","893","328","2466","1580","886","328","2463","1489","974","328","2461","1485","976","328","2467","1562","905","328","2452","1418","1034","328","2465","1430","1035","328","2462","1495","967","328","2442","1531","911","328","2440","1456","984"
,"329","2458","1521","937","329","2456","1511","945","329","2448","1473","975","329","2434","1515","919","329","2454","1554","900","329","2462","1487","975","329","2468","1528","940","329","2457","1461","996","329","2478","1594","884","329","2467","1591","876","329","2463","1517","946","329","2457","1514","943","329","2465","1606","859","329","2468","1513","955","329","2435","1450","985","329","2441","1426","1015","329","2453","1502","951","329","2465","1536","929","329","2466","1562","904","329","2435","1416","1019","329","2471","1583","888","329","2455","1564","891","329","2462","1492","970","329","2467","1467","1000","329","2450","1546","904","329","2449","1425","1024","329","2462","1440","1022","329","2459","1498","961","329","2463","1526","937","329","2457","1462","995"
,"330","2471","1523","948","330","2460","1527","933","330","2443","1483","960","330","2439","1519","920","330","2460","1544","916","330","2449","1481","968","330","2463","1514","949","330","2456","1460","996","330","2474","1585","889","330","2467","1574","893","330","2447","1520","927","330","2448","1519","929","330","2463","1593","870","330","2475","1513","962","330","2452","1462","990","330","2427","1417","1010","330","2457","1505","952","330","2465","1537","928","330","2466","1565","901","330","2429","1424","1005","330","2463","1581","882","330","2450","1567","883","330","2461","1492","969","330","2448","1475","973","330","2453","1550","903","330","2426","1410","1016","330","2460","1426","1034","330","2437","1478","959","330","2445","1536","909","330","2460","1458","1002"
,"331","2469","1526","943","331","2457","1528","929","331","2468","1483","985","331","2456","1528","928","331","2446","1529","917","331","2454","1496","958","331","2462","1506","956","331","2451","1449","1002","331","2477","1585","892","331","2460","1589","871","331","2466","1526","940","331","2453","1515","938","331","2461","1595","866","331","2475","1523","952","331","2422","1464","958","331","2431","1426","1005","331","2461","1517","944","331","2449","1530","919","331","2454","1556","898","331","2458","1439","1019","331","2465","1596","869","331","2465","1578","887","331","2453","1500","953","331","2460","1484","976","331","2461","1559","902","331","2443","1414","1029","331","2459","1440","1019","331","2458","1474","984","331","2457","1534","923","331","2464","1470","994"
,"332","2451","1512","939","332","2456","1541","915","332","2445","1478","967","332","2440","1525","915","332","2464","1553","911","332","2462","1488","974","332","2464","1522","942","332","2445","1454","991","332","2475","1583","892","332","2469","1583","886","332","2473","1524","949","332","2458","1507","951","332","2475","1602","873","332","2472","1516","956","332","2448","1453","995","332","2423","1430","993","332","2464","1503","961","332","2464","1539","925","332","2457","1554","903","332","2444","1439","1005","332","2475","1595","880","332","2465","1577","888","332","2454","1500","954","332","2466","1465","1001","332","2459","1562","897","332","2428","1407","1021","332","2462","1429","1033","332","2452","1483","969","332","2454","1532","922","332","2458","1468","990"
,"333","2474","1507","967","333","2468","1541","927","333","2450","1482","968","333","2442","1516","926","333","2447","1563","884","333","2472","1505","967","333","2458","1526","932","333","2448","1456","992","333","2472","1576","896","333","2464","1593","871","333","2453","1515","938","333","2452","1515","937","333","2464","1588","876","333","2466","1517","949","333","2431","1455","976","333","2427","1431","996","333","2472","1511","961","333","2472","1544","928","333","2461","1550","911","333","2440","1440","1000","333","2464","1570","894","333","2465","1586","879","333","2467","1491","976","333","2472","1465","1007","333","2458","1568","890","333","2420","1410","1010","333","2458","1439","1019","333","2458","1485","973","333","2445","1541","904","333","2454","1464","990"
,"334","2452","1497","955","334","2462","1533","929","334","2459","1481","978","334","2454","1526","928","334","2457","1575","882","334","2462","1482","980","334","2473","1536","937","334","2445","1447","998","334","2475","1588","887","334","2474","1581","893","334","2460","1501","959","334","2446","1519","927","334","2463","1591","872","334","2466","1513","953","334","2455","1459","996","334","2421","1427","994","334","2461","1495","966","334","2455","1522","933","334","2452","1543","909","334","2435","1428","1007","334","2456","1578","878","334","2459","1583","876","334","2464","1490","974","334","2461","1456","1005","334","2453","1567","886","334","2443","1422","1021","334","2469","1427","1042","334","2460","1480","980","334","2459","1541","918","334","2467","1482","985"
,"335","2456","1502","954","335","2456","1530","926","335","2461","1493","968","335","2450","1531","919","335","2454","1574","880","335","2464","1482","982","335","2461","1529","932","335","2437","1442","995","335","2476","1589","887","335","2472","1584","888","335","2465","1504","961","335","2459","1515","944","335","2462","1595","867","335","2461","1503","958","335","2437","1455","982","335","2419","1431","988","335","2459","1508","951","335","2446","1521","925","335","2460","1558","902","335","2449","1429","1020","335","2469","1571","898","335","2452","1584","868","335","2458","1485","973","335","2456","1449","1007","335","2457","1585","872","335","2436","1421","1015","335","2451","1412","1039","335","2466","1485","981","335","2462","1530","932","335","2452","1474","978"
,"336","2423","1484","939","336","2463","1557","906","336","2458","1476","982","336","2459","1540","919","336","2472","1570","902","336","2474","1497","977","336","2463","1530","933","336","2434","1428","1006","336","2463","1582","881","336","2460","1574","886","336","2462","1511","951","336","2452","1522","930","336","2471","1618","853","336","2458","1504","954","336","2442","1463","979","336","2436","1439","997","336","2456","1485","971","336","2453","1526","927","336","2459","1574","885","336","2439","1438","1001","336","2468","1558","910","336","2463","1591","872","336","2458","1478","980","336","2457","1461","996","336","2455","1587","868","336","2435","1415","1020","336","2458","1421","1037","336","2448","1488","960","336","2452","1508","944","336","2468","1466","1002"
,"337","2456","1511","945","337","2465","1544","921","337","2460","1484","976","337","2460","1537","923","337","2470","1568","902","337","2473","1483","990","337","2460","1505","955","337","2442","1451","991","337","2471","1585","886","337","2472","1587","885","337","2464","1516","948","337","2461","1526","935","337","2475","1599","876","337","2464","1510","954","337","2455","1472","983","337","2443","1436","1007","337","2444","1484","960","337","2447","1521","926","337","2457","1570","887","337","2448","1425","1023","337","2470","1573","897","337","2465","1573","892","337","2458","1471","987","337","2449","1463","986","337","2457","1587","870","337","2448","1426","1022","337","2468","1408","1060","337","2474","1498","976","337","2452","1518","934","337","2469","1469","1000"
,"338","2460","1510","950","338","2464","1545","919","338","2457","1492","965","338","2448","1522","926","338","2472","1560","912","338","2461","1480","981","338","2462","1494","968","338","2434","1447","987","338","2467","1593","874","338","2464","1581","883","338","2462","1512","950","338","2462","1520","942","338","2473","1605","868","338","2464","1509","955","338","2443","1461","982","338","2440","1432","1008","338","2457","1502","955","338","2449","1524","925","338","2465","1567","898","338","2444","1428","1016","338","2469","1584","885","338","2458","1566","892","338","2466","1478","988","338","2462","1461","1001","338","2456","1577","879","338","2448","1419","1029","338","2445","1399","1046","338","2469","1498","971","338","2445","1507","938","338","2456","1463","993"
,"339","2460","1506","954","339","2462","1549","913","339","2457","1480","977","339","2461","1532","929","339","2460","1557","903","339","2456","1465","991","339","2468","1500","968","339","2429","1445","984","339","2475","1598","877","339","2464","1586","878","339","2450","1514","936","339","2459","1535","924","339","2473","1597","876","339","2473","1510","963","339","2452","1459","993","339","2442","1453","989","339","2453","1496","957","339","2434","1523","911","339","2452","1561","891","339","2444","1419","1025","339","2470","1588","882","339","2461","1569","892","339","2453","1469","984","339","2462","1447","1015","339","2461","1587","874","339","2440","1417","1023","339","2457","1373","1084","339","2466","1480","986","339","2450","1505","945","339","2459","1460","999"
,"340","2455","1500","955","340","2464","1540","924","340","2437","1479","958","340","2453","1516","937","340","2471","1550","921","340","2465","1479","986","340","2468","1507","961","340","2444","1459","985","340","2477","1589","888","340","2471","1591","880","340","2466","1514","952","340","2466","1523","943","340","2466","1573","893","340","2467","1509","958","340","2442","1461","981","340","2455","1451","1004","340","2455","1493","962","340","2443","1523","920","340","2460","1562","898","340","2451","1412","1039","340","2465","1581","884","340","2468","1581","887","340","2459","1478","981","340","2461","1458","1003","340","2469","1605","864","340","2441","1425","1016","340","2431","1360","1071","340","2465","1476","989","340","2449","1533","916","340","2461","1464","997"
,"341","2454","1500","954","341","2454","1523","931","341","2451","1482","969","341","2444","1529","915","341","2465","1557","908","341","2468","1481","987","341","2462","1513","949","341","2435","1468","967","341","2474","1583","891","341","2469","1585","884","341","2452","1512","940","341","2455","1516","939","341","2462","1578","884","341","2476","1508","968","341","2459","1465","994","341","2440","1446","994","341","2472","1510","962","341","2462","1531","931","341","2451","1557","894","341","2443","1417","1026","341","2470","1588","882","341","2458","1577","881","341","2468","1473","995","341","2455","1445","1010","341","2467","1586","881","341","2444","1436","1008","341","2415","1375","1040","341","2471","1476","995","341","2450","1515","935","341","2465","1459","1006"
,"342","2457","1486","971","342","2458","1522","936","342","2448","1487","961","342","2459","1543","916","342","2469","1551","918","342","2460","1483","977","342","2470","1513","957","342","2450","1484","966","342","2476","1560","916","342","2469","1573","896","342","2460","1516","944","342","2453","1517","936","342","2481","1575","906","342","2478","1506","972","342","2454","1473","981","342","2441","1453","988","342","2459","1504","955","342","2448","1520","928","342","2447","1546","901","342","2450","1428","1022","342","2469","1591","878","342","2453","1560","893","342","2463","1482","981","342","2458","1452","1006","342","2471","1596","875","342","2454","1429","1025","342","2447","1378","1069","342","2462","1471","991","342","2461","1512","949","342","2445","1461","984"
,"343","2461","1498","963","343","2458","1521","937","343","2466","1499","967","343","2457","1540","917","343","2461","1545","916","343","2448","1507","941","343","2437","1499","938","343","2438","1459","979","343","2466","1562","904","343","2463","1569","894","343","2439","1492","947","343","2449","1518","931","343","2474","1582","892","343","2474","1508","966","343","2453","1468","985","343","2451","1453","998","343","2475","1515","960","343","2441","1534","907","343","2450","1563","887","343","2451","1433","1018","343","2470","1591","879","343","2459","1572","887","343","2465","1485","980","343","2455","1462","993","343","2466","1570","896","343","2454","1437","1017","343","2451","1379","1072","343","2464","1464","1000","343","2438","1512","926","343","2467","1452","1015"
,"344","2439","1508","931","344","2455","1520","935","344","2450","1493","957","344","2450","1532","918","344","2457","1545","912","344","2462","1497","965","344","2465","1508","957","344","2443","1474","969","344","2471","1569","902","344","2465","1578","887","344","2452","1508","944","344","2449","1520","929","344","2478","1584","894","344","2482","1510","972","344","2460","1488","972","344","2455","1461","994","344","2468","1518","950","344","2463","1546","917","344","2462","1557","905","344","2448","1419","1029","344","2480","1580","900","344","2458","1583","875","344","2461","1493","968","344","2432","1447","985","344","2463","1571","892","344","2431","1422","1009","344","2442","1352","1090","344","2473","1463","1010","344","2461","1528","933","344","2450","1466","984"
,"345","2453","1507","946","345","2465","1520","945","345","2462","1480","982","345","2464","1541","923","345","2464","1553","911","345","2467","1496","971","345","2471","1512","959","345","2442","1459","983","345","2454","1543","911","345","2466","1567","899","345","2459","1527","932","345","2448","1506","942","345","2478","1584","894","345","2476","1492","984","345","2458","1475","983","345","2450","1453","997","345","2465","1528","937","345","2458","1544","914","345","2467","1553","914","345","2447","1436","1011","345","2464","1581","883","345","2463","1565","898","345","2464","1486","978","345","2454","1465","989","345","2453","1565","888","345","2447","1436","1011","345","2437","1377","1060","345","2464","1461","1003","345","2452","1529","923","345","2468","1485","983"
,"346","2470","1514","956","346","2466","1508","958","346","2459","1476","983","346","2451","1525","926","346","2459","1552","907","346","2470","1488","982","346","2466","1512","954","346","2447","1463","984","346","2466","1546","920","346","2462","1551","911","346","2454","1529","925","346","2454","1512","942","346","2465","1581","884","346","2478","1496","982","346","2440","1455","985","346","2446","1452","994","346","2469","1535","934","346","2453","1521","932","346","2454","1553","901","346","2448","1425","1023","346","2474","1585","889","346","2457","1582","875","346","2455","1482","973","346","2452","1457","995","346","2465","1576","889","346","2454","1427","1027","346","2439","1388","1051","346","2446","1463","983","346","2450","1519","931","346","2463","1472","991"
,"347","2475","1509","966","347","2468","1531","937","347","2464","1479","985","347","2455","1528","927","347","2460","1541","919","347","2461","1480","981","347","2468","1506","962","347","2451","1463","988","347","2464","1536","928","347","2459","1561","898","347","2459","1529","930","347","2449","1527","922","347","2474","1592","882","347","2475","1501","974","347","2457","1467","990","347","2446","1452","994","347","2475","1530","945","347","2458","1543","915","347","2468","1551","917","347","2443","1426","1017","347","2465","1576","889","347","2447","1582","865","347","2463","1475","988","347","2456","1459","997","347","2448","1573","875","347","2444","1411","1033","347","2454","1389","1065","347","2451","1461","990","347","2455","1524","931","347","2452","1478","974"
,"348","2457","1497","960","348","2460","1529","931","348","2449","1490","959","348","2455","1519","936","348","2459","1530","929","348","2472","1481","991","348","2466","1516","950","348","2443","1467","976","348","2466","1551","915","348","2453","1560","893","348","2464","1526","938","348","2460","1520","940","348","2457","1575","882","348","2481","1486","995","348","2447","1480","967","348","2457","1454","1003","348","2464","1522","942","348","2462","1550","912","348","2456","1559","897","348","2448","1431","1017","348","2464","1585","879","348","2448","1584","864","348","2461","1482","979","348","2449","1470","979","348","2459","1566","893","348","2460","1415","1045","348","2427","1380","1047","348","2457","1461","996","348","2446","1502","944","348","2449","1475","974"
,"349","2462","1502","960","349","2462","1524","938","349","2461","1497","964","349","2452","1522","930","349","2451","1527","924","349","2463","1479","984","349","2457","1522","935","349","2440","1469","971","349","2455","1547","908","349","2444","1556","888","349","2455","1524","931","349","2459","1526","933","349","2472","1577","895","349","2470","1477","993","349","2449","1486","963","349","2445","1459","986","349","2459","1527","932","349","2461","1556","905","349","2461","1548","913","349","2455","1443","1012","349","2471","1575","896","349","2454","1580","874","349","2455","1466","989","349","2464","1470","994","349","2470","1594","876","349","2438","1404","1034","349","2437","1386","1051","349","2457","1469","988","349","2442","1510","932","349","2464","1479","985"
,"350","2462","1487","975","350","2457","1517","940","350","2455","1497","958","350","2461","1515","946","350","2467","1534","933","350","2454","1475","979","350","2468","1505","963","350","2448","1474","974","350","2472","1541","931","350","2449","1566","883","350","2453","1534","919","350","2459","1539","920","350","2468","1571","897","350","2473","1491","982","350","2464","1478","986","350","2453","1453","1000","350","2465","1517","948","350","2465","1552","913","350","2452","1535","917","350","2438","1416","1022","350","2463","1580","883","350","2452","1579","873","350","2460","1477","983","350","2455","1474","981","350","2465","1587","878","350","2450","1406","1044","350","2426","1373","1053","350","2451","1469","982","350","2447","1525","922","350","2458","1463","995"
,"351","2454","1492","962","351","2457","1509","948","351","2451","1494","957","351","2441","1514","927","351","2451","1538","913","351","2474","1490","984","351","2456","1502","954","351","2458","1495","963","351","2469","1544","925","351","2453","1564","889","351","2462","1535","927","351","2456","1548","908","351","2466","1581","885","351","2476","1494","982","351","2455","1495","960","351","2442","1451","991","351","2472","1532","940","351","2467","1539","928","351","2452","1546","906","351","2439","1435","1004","351","2470","1586","884","351","2466","1582","884","351","2457","1485","972","351","2463","1490","973","351","2464","1591","873","351","2427","1384","1043","351","2426","1371","1055","351","2477","1485","992","351","2440","1529","911","351","2451","1472","979"
,"352","2450","1493","957","352","2451","1503","948","352","2455","1507","948","352","2440","1525","915","352","2446","1530","916","352","2460","1473","987","352","2461","1508","953","352","2444","1482","962","352","2470","1532","938","352","2464","1546","918","352","2453","1518","935","352","2473","1554","919","352","2465","1573","892","352","2475","1490","985","352","2461","1487","974","352","2441","1456","985","352","2474","1531","943","352","2466","1558","908","352","2453","1552","901","352","2447","1434","1013","352","2463","1596","867","352","2462","1572","890","352","2468","1485","983","352","2457","1480","977","352","2482","1585","897","352","2431","1391","1040","352","2425","1398","1027","352","2458","1475","983","352","2455","1536","919","352","2457","1464","993"
,"353","2457","1487","970","353","2457","1502","955","353","2448","1492","956","353","2443","1530","913","353","2450","1542","908","353","2455","1467","988","353","2462","1520","942","353","2452","1487","965","353","2473","1539","934","353","2450","1554","896","353","2453","1526","927","353","2473","1557","916","353","2465","1573","892","353","2471","1476","995","353","2450","1485","965","353","2428","1445","983","353","2471","1515","956","353","2467","1534","933","353","2464","1552","912","353","2443","1429","1014","353","2464","1592","872","353","2469","1577","892","353","2462","1481","981","353","2462","1482","980","353","2474","1595","879","353","2418","1394","1024","353","2439","1392","1047","353","2470","1473","997","353","2441","1527","914","353","2456","1476","980"
,"354","2453","1491","962","354","2457","1498","959","354","2462","1512","950","354","2452","1529","923","354","2449","1564","885","354","2460","1463","997","354","2455","1519","936","354","2448","1490","958","354","2468","1529","939","354","2465","1561","904","354","2451","1516","935","354","2472","1544","928","354","2459","1580","879","354","2473","1483","990","354","2461","1492","969","354","2444","1449","995","354","2466","1514","952","354","2473","1530","943","354","2467","1551","916","354","2439","1435","1004","354","2467","1589","878","354","2462","1570","892","354","2462","1483","979","354","2458","1481","977","354","2467","1579","888","354","2422","1410","1012","354","2440","1398","1042","354","2463","1471","992","354","2456","1527","929","354","2465","1469","996"
,"355","2457","1499","958","355","2458","1498","960","355","2453","1508","945","355","2464","1525","939","355","2448","1547","901","355","2457","1484","973","355","2458","1510","948","355","2459","1492","967","355","2455","1538","917","355","2453","1550","903","355","2456","1518","938","355","2454","1551","903","355","2471","1566","905","355","2466","1480","986","355","2466","1488","978","355","2438","1438","1000","355","2463","1511","952","355","2463","1527","936","355","2464","1542","922","355","2450","1430","1020","355","2465","1586","879","355","2467","1562","905","355","2459","1478","981","355","2459","1485","974","355","2461","1581","880","355","2417","1405","1012","355","2446","1378","1068","355","2468","1473","995","355","2437","1536","901","355","2447","1458","989"
,"356","2450","1494","956","356","2459","1499","960","356","2444","1506","938","356","2444","1528","916","356","2447","1543","904","356","2450","1467","983","356","2467","1510","957","356","2457","1483","974","356","2464","1529","935","356","2464","1545","919","356","2454","1520","934","356","2457","1556","901","356","2459","1564","895","356","2461","1487","974","356","2451","1471","980","356","2427","1443","984","356","2462","1509","953","356","2455","1524","931","356","2464","1552","912","356","2436","1414","1022","356","2470","1595","875","356","2463","1568","895","356","2452","1465","987","356","2459","1483","976","356","2463","1581","882","356","2423","1409","1014","356","2438","1379","1059","356","2464","1462","1002","356","2442","1536","906","356","2456","1476","980"
,"357","2450","1495","955","357","2443","1504","939","357","2459","1507","952","357","2438","1522","916","357","2461","1558","903","357","2458","1469","989","357","2459","1526","933","357","2453","1479","974","357","2471","1535","936","357","2443","1534","909","357","2450","1518","932","357","2462","1544","918","357","2465","1574","891","357","2443","1474","969","357","2447","1470","977","357","2454","1450","1004","357","2463","1512","951","357","2464","1540","924","357","2457","1539","918","357","2444","1423","1021","357","2470","1593","877","357","2462","1564","898","357","2457","1474","983","357","2451","1484","967","357","2465","1582","883","357","2440","1433","1007","357","2437","1380","1057","357","2461","1472","989","357","2478","1548","930","357","2464","1469","995"
,"358","2450","1494","956","358","2460","1513","947","358","2453","1496","957","358","2447","1524","923","358","2458","1542","916","358","2448","1472","976","358","2464","1538","926","358","2453","1470","983","358","2473","1528","945","358","2465","1558","907","358","2451","1523","928","358","2457","1555","902","358","2463","1569","894","358","2461","1483","978","358","2445","1462","983","358","2424","1452","972","358","2467","1504","963","358","2462","1530","932","358","2460","1554","906","358","2432","1410","1022","358","2484","1592","892","358","2457","1555","902","358","2446","1460","986","358","2460","1480","980","358","2469","1577","892","358","2437","1418","1019","358","2431","1364","1067","358","2460","1460","1000","358","2448","1541","907","358","2459","1461","998"
,"359","2446","1508","938","359","2463","1514","949","359","2465","1511","954","359","2442","1518","924","359","2471","1549","922","359","2446","1457","989","359","2457","1522","935","359","2435","1464","971","359","2458","1525","933","359","2462","1552","910","359","2438","1513","925","359","2461","1552","909","359","2455","1563","892","359","2458","1492","966","359","2443","1472","971","359","2434","1458","976","359","2472","1528","944","359","2468","1534","934","359","2460","1550","910","359","2433","1421","1012","359","2471","1600","871","359","2469","1568","901","359","2466","1462","1004","359","2462","1465","997","359","2469","1585","884","359","2449","1421","1028","359","2436","1357","1079","359","2449","1450","999","359","2457","1544","913","359","2452","1467","985"
,"360","2442","1489","953","360","2463","1508","955","360","2451","1505","946","360","2452","1522","930","360","2458","1542","916","360","2466","1465","1001","360","2449","1518","931","360","2451","1478","973","360","2456","1530","926","360","2462","1549","913","360","2445","1523","922","360","2463","1554","909","360","2472","1566","906","360","2460","1488","972","360","2454","1482","972","360","2443","1459","984","360","2474","1526","948","360","2447","1501","946","360","2465","1552","913","360","2448","1430","1018","360","2474","1595","879","360","2460","1563","897","360","2449","1453","996","360","2450","1459","991","360","2457","1583","874","360","2430","1420","1010","360","2418","1380","1038","360","2459","1469","990","360","2451","1532","919","360","2441","1468","973"
,"361","2442","1484","958","361","2452","1513","939","361","2459","1501","958","361","2449","1527","922","361","2463","1546","917","361","2463","1473","990","361","2469","1537","932","361","2460","1472","988","361","2468","1532","936","361","2463","1549","914","361","2460","1529","931","361","2468","1557","911","361","2481","1563","918","361","2465","1493","972","361","2437","1462","975","361","2446","1449","997","361","2458","1529","929","361","2451","1489","962","361","2458","1548","910","361","2438","1433","1005","361","2467","1596","871","361","2456","1543","913","361","2447","1447","1000","361","2455","1473","982","361","2451","1570","881","361","2449","1407","1042","361","2418","1378","1040","361","2464","1460","1004","361","2455","1534","921","361","2455","1472","983"
,"362","2443","1486","957","362","2461","1516","945","362","2461","1496","965","362","2447","1516","931","362","2468","1538","930","362","2449","1467","982","362","2459","1536","923","362","2464","1487","977","362","2463","1540","923","362","2459","1559","900","362","2467","1537","930","362","2472","1564","908","362","2474","1564","910","362","2467","1477","990","362","2454","1494","960","362","2436","1457","979","362","2461","1528","933","362","2457","1503","954","362","2443","1546","897","362","2448","1431","1017","362","2478","1591","887","362","2447","1539","908","362","2458","1460","998","362","2445","1458","987","362","2465","1575","890","362","2432","1404","1028","362","2439","1384","1055","362","2451","1452","999","362","2458","1551","907","362","2458","1467","991"
,"363","2447","1513","934","363","2460","1531","929","363","2455","1480","975","363","2439","1508","931","363","2465","1541","924","363","2465","1472","993","363","2463","1528","935","363","2446","1465","981","363","2473","1545","928","363","2465","1548","917","363","2458","1541","917","363","2476","1569","907","363","2454","1566","888","363","2454","1480","974","363","2449","1492","957","363","2428","1456","972","363","2474","1532","942","363","2464","1496","968","363","2450","1549","901","363","2422","1417","1005","363","2459","1582","877","363","2465","1554","911","363","2461","1452","1009","363","2447","1478","969","363","2471","1578","893","363","2444","1423","1021","363","2426","1379","1047","363","2465","1457","1008","363","2452","1542","910","363","2442","1472","970"
,"364","2455","1507","948","364","2470","1507","963","364","2430","1490","940","364","2425","1505","920","364","2448","1525","923","364","2450","1457","993","364","2455","1526","929","364","2452","1480","972","364","2474","1536","938","364","2453","1551","902","364","2461","1547","914","364","2454","1559","895","364","2459","1572","887","364","2468","1459","1009","364","2447","1485","962","364","2450","1454","996","364","2468","1528","940","364","2456","1508","948","364","2453","1550","903","364","2427","1435","992","364","2473","1572","901","364","2446","1535","911","364","2461","1452","1009","364","2448","1489","959","364","2461","1569","892","364","2430","1410","1020","364","2445","1374","1071","364","2454","1448","1006","364","2462","1544","918","364","2456","1481","975"
,"365","2451","1498","953","365","2460","1503","957","365","2454","1499","955","365","2441","1507","934","365","2450","1532","918","365","2466","1469","997","365","2466","1544","922","365","2445","1477","968","365","2476","1540","936","365","2461","1559","902","365","2448","1548","900","365","2467","1550","917","365","2468","1573","895","365","2469","1462","1007","365","2439","1487","952","365","2453","1464","989","365","2467","1517","950","365","2444","1505","939","365","2451","1544","907","365","2443","1424","1019","365","2470","1575","895","365","2466","1528","938","365","2458","1431","1027","365","2459","1490","969","365","2449","1563","886","365","2433","1409","1024","365","2442","1382","1060","365","2446","1442","1004","365","2465","1549","916","365","2455","1479","976"
,"366","2456","1506","950","366","2457","1515","942","366","2463","1489","974","366","2443","1500","943","366","2446","1525","921","366","2446","1453","993","366","2475","1550","925","366","2445","1475","970","366","2472","1529","943","366","2450","1553","897","366","2462","1548","914","366","2473","1561","912","366","2471","1576","895","366","2450","1451","999","366","2453","1492","961","366","2449","1459","990","366","2463","1519","944","366","2450","1509","941","366","2446","1546","900","366","2426","1420","1006","366","2454","1580","874","366","2449","1529","920","366","2448","1435","1013","366","2465","1488","977","366","2463","1568","895","366","2446","1410","1036","366","2436","1383","1053","366","2451","1441","1010","366","2455","1546","909","366","2450","1490","960"
,"367","2449","1500","949","367","2467","1522","945","367","2446","1462","984","367","2443","1502","941","367","2457","1541","916","367","2449","1445","1004","367","2465","1540","925","367","2456","1474","982","367","2467","1528","939","367","2459","1567","892","367","2462","1536","926","367","2456","1553","903","367","2457","1572","885","367","2464","1452","1012","367","2451","1497","954","367","2453","1456","997","367","2479","1523","956","367","2450","1512","938","367","2446","1552","894","367","2417","1407","1010","367","2465","1578","887","367","2453","1521","932","367","2440","1441","999","367","2457","1474","983","367","2460","1579","881","367","2436","1414","1022","367","2459","1380","1079","367","2455","1449","1006","367","2451","1549","902","367","2453","1474","979"
,"368","2457","1494","963","368","2462","1508","954","368","2441","1479","962","368","2439","1497","942","368","2470","1548","922","368","2462","1469","993","368","2473","1534","939","368","2464","1487","977","368","2465","1521","944","368","2463","1566","897","368","2469","1527","942","368","2472","1564","908","368","2454","1572","882","368","2447","1444","1003","368","2449","1498","951","368","2440","1457","983","368","2465","1506","959","368","2439","1503","936","368","2444","1553","891","368","2436","1413","1023","368","2469","1589","880","368","2453","1516","937","368","2434","1422","1012","368","2460","1482","978","368","2462","1560","902","368","2438","1425","1013","368","2435","1365","1070","368","2452","1437","1015","368","2456","1558","898","368","2461","1478","983"
,"369","2465","1494","971","369","2462","1508","954","369","2438","1495","943","369","2432","1495","937","369","2459","1543","916","369","2459","1459","1000","369","2458","1520","938","369","2451","1479","972","369","2464","1525","939","369","2450","1576","874","369","2448","1536","912","369","2454","1547","907","369","2461","1564","897","369","2452","1451","1001","369","2461","1504","957","369","2439","1450","989","369","2472","1514","958","369","2453","1499","954","369","2464","1545","919","369","2447","1420","1027","369","2474","1599","875","369","2463","1527","936","369","2434","1433","1001","369","2448","1484","964","369","2456","1568","888","369","2427","1421","1006","369","2437","1369","1068","369","2454","1448","1006","369","2455","1558","897","369","2469","1491","978"
,"370","2457","1491","966","370","2462","1502","960","370","2450","1476","974","370","2451","1516","935","370","2461","1545","916","370","2452","1462","990","370","2469","1529","940","370","2460","1482","978","370","2462","1534","928","370","2462","1586","876","370","2466","1527","939","370","2472","1552","920","370","2464","1573","891","370","2459","1447","1012","370","2446","1501","945","370","2458","1463","995","370","2463","1510","953","370","2436","1520","916","370","2443","1543","900","370","2427","1429","998","370","2472","1609","863","370","2468","1540","928","370","2442","1429","1013","370","2443","1496","947","370","2468","1569","899","370","2432","1421","1011","370","2423","1372","1051","370","2463","1434","1029","370","2464","1556","908","370","2446","1471","975"
,"371","2459","1509","950","371","2461","1498","963","371","2457","1498","959","371","2453","1506","947","371","2463","1553","910","371","2443","1454","989","371","2469","1531","938","371","2446","1471","975","371","2463","1529","934","371","2462","1574","888","371","2467","1531","936","371","2455","1538","917","371","2466","1574","892","371","2462","1433","1029","371","2460","1506","954","371","2441","1453","988","371","2463","1500","963","371","2458","1520","938","371","2446","1547","899","371","2442","1421","1021","371","2475","1609","866","371","2456","1527","929","371","2441","1426","1015","371","2454","1492","962","371","2471","1563","908","371","2446","1437","1009","371","2435","1373","1062","371","2448","1436","1012","371","2461","1570","891","371","2453","1477","976"
,"372","2454","1491","963","372","2464","1494","970","372","2461","1487","974","372","2448","1516","932","372","2462","1548","914","372","2462","1450","1012","372","2458","1526","932","372","2453","1463","990","372","2450","1528","922","372","2467","1576","891","372","2469","1551","918","372","2463","1519","944","372","2450","1571","879","372","2438","1422","1016","372","2446","1500","946","372","2443","1467","976","372","2475","1509","966","372","2444","1517","927","372","2443","1565","878","372","2432","1417","1015","372","2479","1614","865","372","2458","1532","926","372","2444","1440","1004","372","2454","1507","947","372","2472","1567","905","372","2438","1442","996","372","2424","1374","1050","372","2439","1432","1007","372","2471","1565","906","372","2450","1482","968"
,"373","2437","1479","958","373","2463","1494","969","373","2448","1475","973","373","2457","1520","937","373","2463","1542","921","373","2447","1457","990","373","2473","1530","943","373","2448","1469","979","373","2461","1525","936","373","2452","1564","888","373","2460","1536","924","373","2448","1531","917","373","2459","1575","884","373","2447","1433","1014","373","2454","1510","944","373","2436","1462","974","373","2464","1491","973","373","2457","1516","941","373","2447","1559","888","373","2445","1441","1004","373","2482","1611","871","373","2435","1511","924","373","2424","1432","992","373","2453","1502","951","373","2454","1554","900","373","2440","1424","1016","373","2440","1401","1039","373","2449","1435","1014","373","2456","1558","898","373","2437","1476","961"
,"374","2444","1502","942","374","2474","1493","981","374","2453","1487","966","374","2434","1486","948","374","2461","1534","927","374","2449","1459","990","374","2466","1517","949","374","2429","1474","955","374","2459","1532","927","374","2450","1562","888","374","2468","1534","934","374","2459","1525","934","374","2470","1577","893","374","2455","1420","1035","374","2455","1500","955","374","2444","1456","988","374","2448","1491","957","374","2455","1520","935","374","2448","1560","888","374","2439","1447","992","374","2478","1612","866","374","2450","1524","926","374","2446","1442","1004","374","2458","1502","956","374","2455","1563","892","374","2444","1422","1022","374","2437","1414","1023","374","2455","1428","1027","374","2464","1562","902","374","2452","1490","962"
,"375","2450","1496","954","375","2456","1495","961","375","2456","1476","980","375","2437","1496","941","375","2456","1529","927","375","2429","1473","956","375","2458","1537","921","375","2448","1487","961","375","2463","1515","948","375","2462","1567","895","375","2459","1533","926","375","2443","1536","907","375","2460","1578","882","375","2449","1417","1032","375","2463","1512","951","375","2446","1459","987","375","2459","1496","963","375","2447","1519","928","375","2453","1568","885","375","2446","1440","1006","375","2459","1609","850","375","2457","1540","917","375","2443","1431","1012","375","2453","1479","974","375","2461","1554","907","375","2439","1423","1016","375","2446","1403","1043","375","2461","1414","1047","375","2456","1551","905","375","2458","1478","980"
,"376","2446","1504","942","376","2442","1486","956","376","2461","1471","990","376","2438","1488","950","376","2467","1528","939","376","2445","1467","978","376","2474","1534","940","376","2453","1467","986","376","2449","1510","939","376","2468","1567","901","376","2450","1529","921","376","2452","1547","905","376","2473","1581","892","376","2454","1427","1027","376","2466","1493","973","376","2450","1454","996","376","2457","1496","961","376","2439","1523","916","376","2447","1547","900","376","2448","1425","1023","376","2475","1605","870","376","2452","1541","911","376","2437","1433","1004","376","2452","1502","950","376","2464","1547","917","376","2452","1426","1026","376","2436","1408","1028","376","2443","1421","1022","376","2459","1548","911","376","2456","1480","976"
,"377","2453","1505","948","377","2444","1481","963","377","2452","1479","973","377","2450","1505","945","377","2460","1532","928","377","2463","1481","982","377","2472","1529","943","377","2440","1459","981","377","2445","1499","946","377","2448","1565","883","377","2452","1533","919","377","2472","1540","932","377","2464","1575","889","377","2451","1423","1028","377","2446","1502","944","377","2452","1450","1002","377","2480","1508","972","377","2454","1530","924","377","2445","1541","904","377","2438","1426","1012","377","2465","1602","863","377","2459","1553","906","377","2451","1438","1013","377","2452","1493","959","377","2462","1536","926","377","2435","1426","1009","377","2415","1398","1017","377","2445","1427","1018","377","2462","1553","909","377","2454","1480","974"
,"378","2435","1496","939","378","2444","1485","959","378","2430","1477","953","378","2444","1490","954","378","2457","1512","945","378","2446","1483","963","378","2463","1508","955","378","2449","1474","975","378","2446","1508","938","378","2460","1555","905","378","2447","1533","914","378","2459","1548","911","378","2465","1575","890","378","2436","1429","1007","378","2454","1492","962","378","2436","1460","976","378","2457","1483","974","378","2455","1523","932","378","2448","1538","910","378","2448","1440","1008","378","2470","1597","873","378","2469","1555","914","378","2445","1425","1020","378","2444","1494","950","378","2455","1531","924","378","2449","1440","1009","378","2417","1409","1008","378","2446","1433","1013","378","2452","1553","899","378","2454","1487","967"
,"379","2440","1487","953","379","2463","1500","963","379","2457","1494","963","379","2448","1489","959","379","2430","1485","945","379","2442","1489","953","379","2473","1517","956","379","2456","1482","974","379","2452","1529","923","379","2453","1540","913","379","2455","1544","911","379","2464","1557","907","379","2468","1574","894","379","2442","1417","1025","379","2451","1478","973","379","2440","1467","973","379","2475","1483","992","379","2445","1515","930","379","2446","1537","909","379","2450","1430","1020","379","2471","1584","887","379","2457","1557","900","379","2440","1429","1011","379","2461","1495","966","379","2463","1545","918","379","2440","1440","1000","379","2436","1402","1034","379","2450","1439","1011","379","2475","1589","886","379","2450","1489","961"
,"380","2456","1505","951","380","2461","1489","972","380","2439","1491","948","380","2439","1489","950","380","2440","1491","949","380","2443","1487","956","380","2463","1514","949","380","2453","1480","973","380","2453","1535","918","380","2451","1534","917","380","2465","1539","926","380","2456","1564","892","380","2451","1558","893","380","2444","1429","1015","380","2459","1481","978","380","2436","1475","961","380","2460","1482","978","380","2464","1524","940","380","2444","1541","903","380","2428","1422","1006","380","2468","1589","879","380","2462","1553","909","380","2445","1436","1009","380","2448","1494","954","380","2455","1537","918","380","2444","1442","1002","380","2449","1423","1026","380","2449","1448","1001","380","2477","1565","912","380","2459","1498","961"
,"381","2446","1494","952","381","2466","1483","983","381","2455","1497","958","381","2453","1513","940","381","2449","1504","945","381","2458","1496","962","381","2463","1519","944","381","2454","1473","981","381","2459","1541","918","381","2443","1529","914","381","2448","1541","907","381","2472","1571","901","381","2460","1574","886","381","2453","1428","1025","381","2445","1478","967","381","2438","1481","957","381","2457","1495","962","381","2445","1524","921","381","2452","1546","906","381","2441","1426","1015","381","2469","1599","870","381","2454","1568","886","381","2440","1430","1010","381","2453","1507","946","381","2456","1533","923","381","2438","1443","995","381","2446","1427","1019","381","2454","1445","1009","381","2451","1553","898","381","2469","1507","962"
,"382","2457","1503","954","382","2447","1483","964","382","2459","1505","954","382","2436","1501","935","382","2448","1502","946","382","2453","1495","958","382","2469","1528","941","382","2447","1462","985","382","2446","1531","915","382","2447","1543","904","382","2459","1542","917","382","2465","1559","906","382","2468","1577","891","382","2453","1430","1023","382","2447","1497","950","382","2443","1503","940","382","2465","1491","974","382","2443","1518","925","382","2459","1541","918","382","2435","1434","1001","382","2470","1580","890","382","2461","1564","897","382","2443","1428","1015","382","2453","1493","960","382","2442","1526","916","382","2455","1462","993","382","2433","1411","1022","382","2447","1452","995","382","2466","1556","910","382","2449","1504","945"
,"383","2452","1501","951","383","2451","1473","978","383","2468","1498","970","383","2446","1492","954","383","2445","1492","953","383","2455","1503","952","383","2463","1527","936","383","2452","1481","971","383","2460","1539","921","383","2468","1560","908","383","2454","1543","911","383","2468","1551","917","383","2465","1558","907","383","2447","1420","1027","383","2461","1489","972","383","2450","1483","967","383","2464","1506","958","383","2469","1532","937","383","2471","1547","924","383","2436","1446","990","383","2471","1587","884","383","2465","1558","907","383","2435","1426","1009","383","2457","1486","971","383","2439","1520","919","383","2449","1434","1015","383","2445","1421","1024","383","2450","1440","1010","383","2460","1551","909","383","2455","1511","944"
,"384","2457","1494","963","384","2459","1472","987","384","2450","1477","973","384","2436","1497","939","384","2451","1495","956","384","2459","1504","955","384","2463","1522","941","384","2444","1465","979","384","2461","1537","924","384","2441","1547","894","384","2457","1530","927","384","2467","1541","926","384","2456","1558","898","384","2467","1428","1039","384","2458","1490","968","384","2456","1491","965","384","2461","1500","961","384","2436","1514","922","384","2468","1551","917","384","2446","1461","985","384","2469","1586","883","384","2466","1565","901","384","2429","1424","1005","384","2466","1484","982","384","2446","1536","910","384","2450","1454","996","384","2426","1422","1004","384","2456","1423","1033","384","2450","1542","908","384","2456","1500","956"
,"385","2466","1485","981","385","2445","1470","975","385","2460","1495","965","385","2454","1520","934","385","2437","1506","931","385","2463","1497","966","385","2465","1514","951","385","2451","1468","983","385","2461","1545","916","385","2461","1559","902","385","2448","1544","904","385","2466","1545","921","385","2460","1563","897","385","2444","1408","1036","385","2460","1483","977","385","2462","1496","966","385","2471","1486","985","385","2460","1519","941","385","2463","1541","922","385","2446","1464","982","385","2461","1577","884","385","2470","1568","902","385","2437","1437","1000","385","2444","1473","971","385","2446","1540","906","385","2451","1440","1011","385","2429","1410","1019","385","2459","1444","1015","385","2464","1555","909","385","2461","1511","950"
,"386","2452","1480","972","386","2432","1470","962","386","2452","1489","963","386","2439","1514","925","386","2446","1497","949","386","2456","1489","967","386","2457","1518","939","386","2436","1454","982","386","2465","1549","916","386","2459","1569","890","386","2460","1555","905","386","2473","1541","932","386","2470","1583","887","386","2447","1407","1040","386","2457","1510","947","386","2452","1482","970","386","2469","1486","983","386","2454","1508","946","386","2462","1551","911","386","2462","1460","1002","386","2463","1579","884","386","2469","1559","910","386","2445","1448","997","386","2460","1489","971","386","2460","1546","914","386","2447","1435","1012","386","2447","1447","1000","386","2460","1440","1020","386","2456","1546","910","386","2445","1507","938"
,"387","2461","1467","994","387","2435","1470","965","387","2450","1484","966","387","2439","1523","916","387","2434","1499","935","387","2455","1486","969","387","2457","1523","934","387","2454","1462","992","387","2456","1524","932","387","2454","1566","888","387","2456","1556","900","387","2465","1561","904","387","2473","1567","906","387","2441","1423","1018","387","2461","1498","963","387","2449","1480","969","387","2465","1495","970","387","2453","1519","934","387","2450","1550","900","387","2438","1458","980","387","2470","1586","884","387","2472","1553","919","387","2422","1426","996","387","2454","1482","972","387","2458","1551","907","387","2438","1445","993","387","2431","1433","998","387","2461","1443","1018","387","2466","1566","900","387","2462","1521","941"
,"388","2453","1473","980","388","2443","1488","955","388","2454","1477","977","388","2447","1518","929","388","2442","1503","939","388","2462","1486","976","388","2458","1517","941","388","2446","1478","968","388","2446","1540","906","388","2459","1557","902","388","2470","1564","906","388","2477","1580","897","388","2469","1574","895","388","2425","1411","1014","388","2461","1500","961","388","2461","1479","982","388","2468","1495","973","388","2453","1538","915","388","2465","1558","907","388","2444","1453","991","388","2469","1592","877","388","2467","1548","919","388","2424","1410","1014","388","2454","1474","980","388","2452","1536","916","388","2454","1442","1012","388","2453","1441","1012","388","2460","1443","1017","388","2459","1548","911","388","2454","1504","950"
,"389","2453","1477","976","389","2450","1474","976","389","2448","1475","973","389","2443","1525","918","389","2449","1505","944","389","2467","1491","976","389","2461","1541","920","389","2460","1483","977","389","2456","1547","909","389","2469","1563","906","389","2459","1572","887","389","2467","1570","897","389","2454","1570","884","389","2439","1421","1018","389","2477","1521","956","389","2451","1462","989","389","2468","1496","972","389","2459","1539","920","389","2472","1556","916","389","2439","1457","982","389","2470","1590","880","389","2469","1543","926","389","2421","1424","997","389","2448","1481","967","389","2455","1539","916","389","2439","1444","995","389","2456","1450","1006","389","2454","1432","1022","389","2469","1565","904","389","2465","1510","955"
,"390","2450","1471","979","390","2456","1491","965","390","2456","1463","993","390","2454","1529","925","390","2438","1523","915","390","2454","1502","952","390","2470","1534","936","390","2436","1469","967","390","2475","1554","921","390","2464","1570","894","390","2457","1565","892","390","2473","1575","898","390","2468","1564","904","390","2448","1421","1027","390","2468","1531","937","390","2440","1457","983","390","2460","1493","967","390","2454","1532","922","390","2470","1553","917","390","2450","1455","995","390","2467","1589","878","390","2460","1541","919","390","2430","1439","991","390","2453","1483","970","390","2455","1541","914","390","2442","1434","1008","390","2445","1459","986","390","2455","1423","1032","390","2477","1567","910","390","2451","1515","936"
,"391","2442","1464","978","391","2450","1472","978","391","2445","1483","962","391","2454","1526","928","391","2438","1531","907","391","2467","1510","957","391","2466","1527","939","391","2456","1467","989","391","2459","1529","930","391","2468","1572","896","391","2458","1555","903","391","2456","1563","893","391","2455","1562","893","391","2445","1420","1025","391","2472","1516","956","391","2450","1471","979","391","2463","1497","966","391","2458","1535","923","391","2480","1565","915","391","2442","1440","1002","391","2467","1589","878","391","2471","1551","920","391","2448","1435","1013","391","2441","1468","973","391","2451","1543","908","391","2439","1429","1010","391","2449","1469","980","391","2440","1428","1012","391","2470","1553","917","391","2465","1523","942"
,"392","2434","1462","972","392","2434","1478","956","392","2453","1484","969","392","2455","1517","938","392","2450","1524","926","392","2469","1512","957","392","2479","1524","955","392","2453","1470","983","392","2470","1542","928","392","2463","1562","901","392","2465","1565","900","392","2465","1576","889","392","2466","1557","909","392","2438","1411","1027","392","2467","1495","972","392","2435","1470","965","392","2461","1503","958","392","2461","1528","933","392","2475","1564","911","392","2447","1455","992","392","2463","1564","899","392","2475","1550","925","392","2421","1403","1018","392","2457","1468","989","392","2457","1548","909","392","2443","1442","1001","392","2467","1466","1001","392","2447","1441","1006","392","2454","1554","900","392","2475","1530","945"
,"393","2441","1471","970","393","2442","1473","969","393","2461","1479","982","393","2447","1532","915","393","2439","1513","926","393","2478","1518","960","393","2466","1525","941","393","2446","1470","976","393","2450","1534","916","393","2461","1559","902","393","2461","1556","905","393","2462","1572","890","393","2464","1550","914","393","2437","1401","1036","393","2452","1503","949","393","2442","1468","974","393","2470","1500","970","393","2464","1528","936","393","2457","1548","909","393","2447","1461","986","393","2458","1590","868","393","2471","1546","925","393","2425","1413","1012","393","2449","1460","989","393","2458","1563","895","393","2442","1442","1000","393","2456","1453","1003","393","2463","1433","1030","393","2469","1568","901","393","2466","1517","949"
,"394","2432","1468","964","394","2456","1468","988","394","2454","1466","988","394","2448","1521","927","394","2439","1505","934","394","2467","1512","955","394","2460","1523","937","394","2450","1476","974","394","2455","1533","922","394","2479","1568","911","394","2467","1565","902","394","2457","1578","879","394","2465","1551","914","394","2429","1428","1001","394","2457","1508","949","394","2456","1471","985","394","2460","1502","958","394","2459","1518","941","394","2465","1556","909","394","2446","1464","982","394","2471","1597","874","394","2477","1555","922","394","2441","1406","1035","394","2462","1462","1000","394","2474","1581","893","394","2454","1445","1009","394","2465","1444","1021","394","2456","1427","1029","394","2454","1561","893","394","2460","1523","937"
,"395","2449","1482","967","395","2455","1460","995","395","2448","1473","975","395","2447","1524","923","395","2429","1505","924","395","2456","1502","954","395","2461","1513","948","395","2440","1465","975","395","2467","1535","932","395","2455","1561","894","395","2473","1567","906","395","2467","1581","886","395","2459","1556","903","395","2449","1440","1009","395","2466","1503","963","395","2449","1478","971","395","2470","1497","973","395","2457","1523","934","395","2474","1548","926","395","2455","1449","1006","395","2458","1582","876","395","2463","1549","914","395","2420","1405","1015","395","2444","1474","970","395","2461","1552","909","395","2450","1441","1009","395","2460","1446","1014","395","2448","1421","1027","395","2474","1576","898","395","2469","1519","950"
,"396","2438","1489","949","396","2450","1455","995","396","2445","1477","968","396","2461","1521","940","396","2449","1523","926","396","2469","1528","941","396","2454","1534","920","396","2439","1468","971","396","2459","1542","917","396","2469","1565","904","396","2466","1556","910","396","2466","1585","881","396","2463","1565","898","396","2436","1429","1007","396","2459","1496","963","396","2438","1478","960","396","2465","1495","970","396","2465","1530","935","396","2473","1543","930","396","2461","1468","993","396","2470","1566","904","396","2466","1544","922","396","2417","1411","1006","396","2446","1483","963","396","2466","1557","909","396","2456","1448","1008","396","2456","1452","1004","396","2465","1426","1039","396","2457","1560","897","396","2458","1521","937"
,"397","2455","1494","961","397","2449","1442","1007","397","2449","1469","980","397","2452","1516","936","397","2450","1508","942","397","2472","1526","946","397","2463","1526","937","397","2428","1450","978","397","2467","1535","932","397","2470","1567","903","397","2474","1555","919","397","2472","1579","893","397","2462","1549","913","397","2460","1443","1017","397","2469","1495","974","397","2447","1490","957","397","2472","1493","979","397","2462","1525","937","397","2466","1544","922","397","2463","1467","996","397","2463","1584","879","397","2459","1546","913","397","2432","1406","1026","397","2441","1469","972","397","2453","1554","899","397","2455","1442","1013","397","2461","1451","1010","397","2464","1420","1044","397","2454","1545","909","397","2466","1544","922"
,"398","2458","1486","972","398","2454","1453","1001","398","2454","1466","988","398","2449","1512","937","398","2441","1521","920","398","2464","1524","940","398","2454","1531","923","398","2428","1454","974","398","2443","1532","911","398","2474","1565","909","398","2466","1548","918","398","2457","1574","883","398","2469","1562","907","398","2440","1433","1007","398","2460","1489","971","398","2445","1473","972","398","2460","1488","972","398","2449","1524","925","398","2472","1545","927","398","2448","1469","979","398","2473","1582","891","398","2459","1525","934","398","2419","1417","1002","398","2450","1477","973","398","2459","1577","882","398","2474","1449","1025","398","2467","1453","1014","398","2442","1421","1021","398","2463","1551","912","398","2468","1532","936"
,"399","2471","1494","977","399","2424","1429","995","399","2460","1468","992","399","2462","1525","937","399","2445","1505","940","399","2457","1516","941","399","2467","1516","951","399","2446","1460","986","399","2477","1537","940","399","2466","1551","915","399","2466","1541","925","399","2468","1573","895","399","2457","1556","901","399","2456","1434","1022","399","2463","1497","966","399","2442","1473","969","399","2460","1482","978","399","2470","1534","936","399","2476","1546","930","399","2459","1447","1012","399","2463","1573","890","399","2452","1515","937","399","2429","1413","1016","399","2451","1471","980","399","2459","1561","898","399","2462","1454","1008","399","2461","1441","1020","399","2438","1418","1020","399","2458","1566","892","399","2467","1524","943"
,"400","2462","1489","973","400","2428","1438","990","400","2438","1452","986","400","2448","1512","936","400","2438","1524","914","400","2480","1520","960","400","2474","1515","959","400","2419","1439","980","400","2464","1536","928","400","2477","1563","914","400","2463","1533","930","400","2468","1577","891","400","2468","1554","914","400","2450","1443","1007","400","2464","1496","968","400","2449","1474","975","400","2464","1470","994","400","2456","1517","939","400","2478","1540","938","400","2453","1460","993","400","2482","1589","893","400","2447","1514","933","400","2424","1399","1025","400","2452","1483","969","400","2463","1568","895","400","2449","1440","1009","400","2461","1442","1019","400","2450","1431","1019","400","2451","1565","886","400","2477","1538","939"
,"401","2452","1496","956","401","2451","1448","1003","401","2445","1454","991","401","2450","1518","932","401","2425","1521","904","401","2484","1526","958","401","2445","1500","945","401","2431","1448","983","401","2457","1540","917","401","2463","1552","911","401","2461","1541","920","401","2464","1585","879","401","2462","1556","906","401","2447","1443","1004","401","2463","1489","974","401","2445","1473","972","401","2469","1473","996","401","2460","1530","930","401","2470","1540","930","401","2467","1468","999","401","2469","1580","889","401","2453","1529","924","401","2417","1391","1026","401","2451","1470","981","401","2457","1557","900","401","2451","1440","1011","401","2461","1450","1011","401","2461","1430","1031","401","2460","1574","886","401","2463","1520","943"
,"402","2444","1490","954","402","2429","1420","1009","402","2445","1472","973","402","2459","1534","925","402","2436","1533","903","402","2483","1526","957","402","2453","1508","945","402","2423","1457","966","402","2457","1537","920","402","2468","1552","916","402","2472","1549","923","402","2482","1582","900","402","2459","1553","906","402","2459","1435","1024","402","2456","1493","963","402","2448","1465","983","402","2454","1474","980","402","2456","1531","925","402","2453","1516","937","402","2466","1475","991","402","2464","1581","883","402","2445","1543","902","402","2434","1420","1014","402","2422","1466","956","402","2474","1571","903","402","2459","1430","1029","402","2472","1454","1018","402","2450","1435","1015","402","2462","1572","890","402","2470","1530","940"
,"403","2455","1481","974","403","2414","1428","986","403","2449","1470","979","403","2451","1525","926","403","2450","1537","913","403","2474","1515","959","403","2443","1502","941","403","2435","1461","974","403","2461","1538","923","403","2475","1554","921","403","2474","1542","932","403","2470","1588","882","403","2455","1551","904","403","2446","1429","1017","403","2467","1496","971","403","2446","1474","972","403","2473","1479","994","403","2466","1527","939","403","2461","1521","940","403","2450","1460","990","403","2462","1579","883","403","2468","1531","937","403","2442","1418","1024","403","2448","1490","958","403","2473","1563","910","403","2445","1425","1020","403","2464","1438","1026","403","2461","1424","1037","403","2461","1567","894","403","2460","1531","929"
,"404","2442","1469","973","404","2425","1443","982","404","2450","1453","997","404","2451","1512","939","404","2467","1550","917","404","2465","1521","944","404","2450","1522","928","404","2432","1476","956","404","2460","1546","914","404","2470","1549","921","404","2474","1537","937","404","2473","1591","882","404","2454","1551","903","404","2457","1437","1020","404","2457","1497","960","404","2426","1475","951","404","2473","1469","1004","404","2472","1527","945","404","2455","1515","940","404","2443","1454","989","404","2467","1586","881","404","2458","1537","921","404","2429","1408","1021","404","2448","1475","973","404","2459","1558","901","404","2446","1445","1001","404","2472","1445","1027","404","2461","1432","1029","404","2457","1558","899","404","2467","1523","944"
,"405","2440","1472","968","405","2432","1440","992","405","2446","1454","992","405","2461","1520","941","405","2450","1539","911","405","2473","1519","954","405","2468","1511","957","405","2442","1486","956","405","2452","1541","911","405","2468","1550","918","405","2455","1527","928","405","2477","1588","889","405","2459","1556","903","405","2458","1452","1006","405","2463","1511","952","405","2434","1456","978","405","2461","1455","1006","405","2456","1527","929","405","2470","1524","946","405","2451","1461","990","405","2464","1585","879","405","2454","1525","929","405","2431","1406","1025","405","2438","1491","947","405","2473","1555","918","405","2457","1449","1008","405","2459","1433","1026","405","2467","1426","1041","405","2469","1543","926","405","2473","1534","939"
,"406","2450","1468","982","406","2431","1434","997","406","2439","1434","1005","406","2442","1499","943","406","2449","1521","928","406","2470","1510","960","406","2467","1526","941","406","2443","1485","958","406","2458","1539","919","406","2468","1530","938","406","2467","1536","931","406","2477","1600","877","406","2464","1553","911","406","2456","1431","1025","406","2465","1514","951","406","2444","1472","972","406","2463","1463","1000","406","2460","1529","931","406","2454","1514","940","406","2463","1491","972","406","2450","1575","875","406","2440","1528","912","406","2429","1403","1026","406","2447","1475","972","406","2475","1552","923","406","2474","1444","1030","406","2456","1428","1028","406","2464","1414","1050","406","2454","1551","903","406","2469","1519","950"
,"407","2460","1470","990","407","2419","1437","982","407","2443","1444","999","407","2438","1508","930","407","2453","1508","945","407","2472","1496","976","407","2466","1520","946","407","2441","1464","977","407","2462","1539","923","407","2464","1526","938","407","2461","1517","944","407","2470","1583","887","407","2457","1559","898","407","2454","1419","1035","407","2468","1511","957","407","2441","1473","968","407","2459","1461","998","407","2453","1531","922","407","2450","1519","931","407","2460","1472","988","407","2469","1588","881","407","2457","1509","948","407","2423","1400","1023","407","2442","1470","972","407","2470","1555","915","407","2461","1448","1013","407","2456","1422","1034","407","2463","1429","1034","407","2445","1546","899","407","2463","1513","950"
,"408","2432","1480","952","408","2435","1439","996","408","2429","1433","996","408","2445","1500","945","408","2436","1498","938","408","2466","1479","987","408","2456","1509","947","408","2449","1469","980","408","2463","1536","927","408","2456","1528","928","408","2451","1520","931","408","2466","1572","894","408","2458","1536","922","408","2443","1417","1026","408","2448","1510","938","408","2442","1478","964","408","2462","1465","997","408","2447","1525","922","408","2446","1519","927","408","2455","1470","985","408","2458","1578","880","408","2455","1520","935","408","2428","1395","1033","408","2444","1466","978","408","2464","1545","919","408","2470","1436","1034","408","2457","1426","1031","408","2469","1425","1044","408","2449","1549","900","408","2463","1516","947"
,"409","2425","1465","960","409","2435","1428","1007","409","2427","1430","997","409","2449","1493","956","409","2458","1506","952","409","2462","1476","986","409","2458","1519","939","409","2435","1445","990","409","2470","1541","929","409","2462","1516","946","409","2444","1513","931","409","2456","1550","906","409","2459","1543","916","409","2444","1426","1018","409","2454","1511","943","409","2448","1480","968","409","2456","1446","1010","409","2445","1522","923","409","2467","1525","942","409","2438","1451","987","409","2448","1559","889","409","2438","1507","931","409","2421","1383","1038","409","2445","1455","990","409","2447","1527","920","409","2462","1434","1028","409","2455","1425","1030","409","2457","1413","1044","409","2462","1550","912","409","2462","1491","971"
,"410","2431","1467","964","410","2414","1399","1015","410","2443","1426","1017","410","2437","1494","943","410","2434","1491","943","410","2460","1471","989","410","2454","1507","947","410","2434","1436","998","410","2454","1533","921","410","2453","1509","944","410","2447","1512","935","410","2449","1543","906","410","2458","1527","931","410","2455","1409","1046","410","2467","1510","957","410","2438","1437","1001","410","2458","1450","1008","410","2440","1503","937","410","2462","1528","934","410","2453","1447","1006","410","2474","1564","910","410","2437","1504","933","410","2420","1388","1032","410","2444","1445","999","410","2448","1517","931","410","2452","1424","1028","410","2458","1423","1035","410","2456","1421","1035","410","2445","1533","912","410","2449","1480","969"
,"411","2457","1463","994","411","2399","1401","998","411","2428","1426","1002","411","2427","1482","945","411","2435","1480","955","411","2463","1479","984","411","2457","1505","952","411","2421","1432","989","411","2460","1524","936","411","2457","1509","948","411","2445","1519","926","411","2471","1551","920","411","2449","1515","934","411","2426","1394","1032","411","2465","1510","955","411","2448","1430","1018","411","2458","1456","1002","411","2452","1508","944","411","2452","1507","945","411","2437","1419","1018","411","2451","1540","911","411","2438","1501","937","411","2419","1363","1056","411","2441","1441","1000","411","2448","1521","927","411","2436","1417","1019","411","2470","1427","1043","411","2452","1397","1055","411","2460","1531","929","411","2447","1494","953"
,"412","2441","1455","986","412","2421","1393","1028","412","2439","1435","1004","412","2459","1484","975","412","2438","1457","981","412","2451","1464","987","412","2457","1489","968","412","2421","1431","990","412","2461","1521","940","412","2442","1503","939","412","2449","1502","947","412","2461","1542","919","412","2443","1487","956","412","2429","1389","1040","412","2455","1500","955","412","2436","1432","1004","412","2459","1442","1017","412","2441","1500","941","412","2453","1508","945","412","2453","1418","1035","412","2450","1530","920","412","2434","1492","942","412","2411","1368","1043","412","2435","1433","1002","412","2451","1504","947","412","2430","1397","1033","412","2458","1429","1029","412","2444","1382","1062","412","2446","1524","922","412","2450","1485","965"
,"413","2457","1448","1009","413","2416","1378","1038","413","2442","1430","1012","413","2455","1490","965","413","2436","1450","986","413","2455","1458","997","413","2448","1460","988","413","2410","1427","983","413","2443","1485","958","413","2442","1507","935","413","2441","1491","950","413","2456","1531","925","413","2443","1489","954","413","2420","1375","1045","413","2453","1484","969","413","2415","1413","1002","413","2461","1440","1021","413","2439","1488","951","413","2462","1511","951","413","2449","1403","1046","413","2462","1529","933","413","2429","1486","943","413","2402","1376","1026","413","2434","1412","1022","413","2435","1496","939","413","2430","1392","1038","413","2457","1408","1049","413","2445","1375","1070","413","2443","1510","933","413","2462","1502","960"
,"414","2448","1460","988","414","2406","1377","1029","414","2433","1434","999","414","2437","1470","967","414","2423","1439","984","414","2451","1454","997","414","2458","1467","991","414","2436","1450","986","414","2451","1499","952","414","2468","1519","949","414","2448","1486","962","414","2457","1532","925","414","2439","1478","961","414","2420","1387","1033","414","2455","1483","972","414","2424","1400","1024","414","2459","1449","1010","414","2450","1480","970","414","2461","1517","944","414","2444","1401","1043","414","2459","1529","930","414","2422","1497","925","414","2410","1401","1009","414","2449","1437","1012","414","2439","1489","950","414","2440","1389","1051","414","2454","1397","1057","414","2439","1368","1071","414","2455","1517","938","414","2453","1486","967"
,"415","2442","1452","990","415","2404","1361","1043","415","2454","1435","1019","415","2441","1482","959","415","2417","1442","975","415","2449","1444","1005","415","2455","1448","1007","415","2436","1456","980","415","2450","1479","971","415","2449","1504","945","415","2448","1477","971","415","2465","1529","936","415","2442","1474","968","415","2426","1384","1042","415","2452","1489","963","415","2425","1424","1001","415","2446","1439","1007","415","2442","1483","959","415","2462","1501","961","415","2438","1395","1043","415","2454","1521","933","415","2431","1497","934","415","2411","1379","1032","415","2438","1415","1023","415","2434","1490","944","415","2441","1385","1056","415","2456","1411","1045","415","2441","1383","1058","415","2467","1531","936","415","2480","1500","980"
,"416","2449","1447","1002","416","2396","1355","1041","416","2449","1416","1033","416","2429","1483","946","416","2428","1450","978","416","2453","1445","1008","416","2461","1452","1009","416","2435","1447","988","416","2435","1483","952","416","2438","1517","921","416","2432","1483","949","416","2458","1541","917","416","2438","1475","963","416","2418","1400","1018","416","2439","1496","943","416","2423","1426","997","416","2450","1427","1023","416","2439","1457","982","416","2467","1502","965","416","2436","1406","1030","416","2458","1526","932","416","2438","1495","943","416","2416","1392","1024","416","2433","1424","1009","416","2442","1499","943","416","2435","1382","1053","416","2451","1397","1054","416","2438","1377","1061","416","2452","1526","926","416","2457","1480","977"
,"417","2440","1423","1017","417","2415","1377","1038","417","2436","1419","1017","417","2436","1486","950","417","2420","1443","977","417","2442","1432","1010","417","2452","1456","996","417","2429","1452","977","417","2445","1503","942","417","2443","1510","933","417","2438","1483","955","417","2458","1546","912","417","2429","1464","965","417","2422","1401","1021","417","2453","1507","946","417","2412","1424","988","417","2455","1426","1029","417","2453","1467","986","417","2442","1489","953","417","2429","1387","1042","417","2455","1510","945","417","2432","1489","943","417","2410","1411","999","417","2443","1438","1005","417","2448","1492","956","417","2442","1374","1068","417","2451","1400","1051","417","2439","1386","1053","417","2446","1514","932","417","2454","1478","976"
,"418","2441","1434","1007","418","2405","1369","1036","418","2437","1424","1013","418","2438","1490","948","418","2428","1452","976","418","2451","1433","1018","418","2458","1469","989","418","2434","1450","984","418","2452","1499","953","418","2442","1507","935","418","2458","1497","961","418","2467","1554","913","418","2432","1458","974","418","2433","1407","1026","418","2474","1514","960","418","2429","1431","998","418","2458","1421","1037","418","2450","1473","977","418","2470","1512","958","418","2446","1390","1056","418","2457","1515","942","418","2447","1491","956","418","2430","1418","1012","418","2441","1438","1003","418","2452","1485","967","418","2443","1380","1063","418","2442","1395","1047","418","2433","1374","1059","418","2452","1509","943","418","2454","1469","985"
,"419","2440","1415","1025","419","2406","1373","1033","419","2438","1435","1003","419","2448","1495","953","419","2430","1461","969","419","2459","1439","1020","419","2463","1476","987","419","2448","1451","997","419","2451","1500","951","419","2452","1516","936","419","2468","1495","973","419","2451","1547","904","419","2443","1474","969","419","2418","1393","1025","419","2465","1505","960","419","2422","1418","1004","419","2455","1416","1039","419","2424","1459","965","419","2461","1492","969","419","2428","1383","1045","419","2463","1524","939","419","2453","1487","966","419","2416","1411","1005","419","2440","1445","995","419","2441","1497","944","419","2439","1396","1043","419","2467","1393","1074","419","2430","1379","1051","419","2454","1524","930","419","2458","1460","998"
,"420","2432","1432","1000","420","2394","1366","1028","420","2442","1433","1009","420","2442","1508","934","420","2427","1449","978","420","2454","1435","1019","420","2460","1450","1010","420","2434","1441","993","420","2464","1495","969","420","2458","1527","931","420","2458","1493","965","420","2463","1538","925","420","2433","1471","962","420","2439","1399","1040","420","2463","1497","966","420","2425","1425","1000","420","2448","1420","1028","420","2444","1466","978","420","2462","1475","987","420","2431","1380","1051","420","2459","1525","934","420","2451","1493","958","420","2429","1438","991","420","2444","1457","987","420","2436","1498","938","420","2431","1389","1042","420","2452","1377","1075","420","2430","1378","1052","420","2466","1529","937","420","2453","1463","990"
,"421","2443","1428","1015","421","2402","1376","1026","421","2444","1434","1010","421","2446","1506","940","421","2431","1461","970","421","2461","1452","1009","421","2454","1437","1017","421","2425","1434","991","421","2465","1503","962","421","2462","1511","951","421","2464","1482","982","421","2471","1544","927","421","2444","1493","951","421","2419","1391","1028","421","2449","1491","958","421","2416","1422","994","421","2446","1408","1038","421","2433","1472","961","421","2463","1466","997","421","2440","1388","1052","421","2460","1521","939","421","2438","1485","953","421","2433","1426","1007","421","2442","1431","1011","421","2457","1490","967","421","2454","1409","1045","421","2442","1373","1069","421","2448","1373","1075","421","2450","1526","924","421","2449","1472","977"
,"422","2450","1416","1034","422","2395","1376","1019","422","2441","1431","1010","422","2441","1497","944","422","2439","1459","980","422","2460","1449","1011","422","2459","1442","1017","422","2437","1442","995","422","2464","1501","963","422","2460","1516","944","422","2432","1478","954","422","2443","1527","916","422","2440","1473","967","422","2419","1378","1041","422","2462","1494","968","422","2407","1426","981","422","2443","1404","1039","422","2437","1479","958","422","2459","1461","998","422","2410","1395","1015","422","2446","1516","930","422","2446","1492","954","422","2437","1430","1007","422","2440","1454","986","422","2460","1494","966","422","2449","1415","1034","422","2450","1379","1071","422","2443","1374","1069","422","2460","1519","941","422","2450","1472","978"
,"423","2432","1423","1009","423","2408","1386","1022","423","2410","1405","1005","423","2448","1505","943","423","2431","1449","982","423","2453","1448","1005","423","2453","1451","1002","423","2441","1455","986","423","2448","1499","949","423","2461","1516","945","423","2461","1494","967","423","2459","1539","920","423","2458","1472","986","423","2430","1373","1057","423","2458","1510","948","423","2446","1441","1005","423","2450","1407","1043","423","2453","1461","992","423","2452","1466","986","423","2445","1408","1037","423","2460","1514","946","423","2437","1516","921","423","2430","1436","994","423","2446","1455","991","423","2455","1499","956","423","2442","1414","1028","423","2444","1386","1058","423","2447","1388","1059","423","2458","1515","943","423","2446","1469","977"
,"424","2456","1436","1020","424","2398","1393","1005","424","2417","1427","990","424","2435","1492","943","424","2441","1462","979","424","2469","1454","1015","424","2459","1450","1009","424","2453","1463","990","424","2445","1486","959","424","2457","1527","930","424","2451","1485","966","424","2454","1552","902","424","2434","1466","968","424","2419","1385","1034","424","2472","1501","971","424","2437","1420","1017","424","2450","1406","1044","424","2430","1453","977","424","2451","1473","978","424","2438","1397","1041","424","2462","1531","931","424","2452","1505","947","424","2445","1436","1009","424","2455","1454","1001","424","2438","1483","955","424","2450","1408","1042","424","2446","1396","1050","424","2449","1377","1072","424","2450","1496","954","424","2454","1467","987"
,"425","2454","1447","1007","425","2432","1398","1034","425","2438","1443","995","425","2443","1482","961","425","2431","1466","965","425","2457","1449","1008","425","2450","1454","996","425","2448","1461","987","425","2455","1482","973","425","2461","1529","932","425","2451","1482","969","425","2456","1534","922","425","2438","1483","955","425","2414","1372","1042","425","2471","1486","985","425","2425","1402","1023","425","2453","1392","1061","425","2440","1484","956","425","2452","1466","986","425","2448","1405","1043","425","2454","1519","935","425","2433","1489","944","425","2441","1449","992","425","2443","1442","1001","425","2438","1489","949","425","2451","1413","1038","425","2440","1390","1050","425","2441","1395","1046","425","2439","1489","950","425","2443","1444","999"
,"426","2447","1449","998","426","2412","1390","1022","426","2433","1455","978","426","2433","1511","922","426","2425","1474","951","426","2461","1451","1010","426","2443","1453","990","426","2445","1459","986","426","2461","1487","974","426","2458","1520","938","426","2459","1484","975","426","2457","1537","920","426","2444","1495","949","426","2418","1388","1030","426","2473","1481","992","426","2426","1410","1016","426","2455","1396","1059","426","2463","1494","969","426","2461","1476","985","426","2441","1395","1046","426","2469","1525","944","426","2448","1501","947","426","2444","1447","997","426","2431","1430","1001","426","2419","1466","953","426","2458","1415","1043","426","2440","1385","1055","426","2453","1389","1064","426","2453","1512","941","426","2440","1447","993"
,"427","2458","1448","1010","427","2411","1403","1008","427","2438","1457","981","427","2440","1488","952","427","2444","1482","962","427","2459","1444","1015","427","2463","1457","1006","427","2455","1464","991","427","2449","1481","968","427","2462","1520","942","427","2458","1486","972","427","2446","1526","920","427","2436","1490","946","427","2429","1379","1050","427","2471","1478","993","427","2417","1409","1008","427","2422","1389","1033","427","2445","1498","947","427","2462","1478","984","427","2419","1402","1017","427","2468","1520","948","427","2450","1504","946","427","2440","1444","996","427","2435","1455","980","427","2462","1493","969","427","2458","1418","1040","427","2446","1384","1062","427","2452","1409","1043","427","2453","1526","927","427","2456","1470","986"
,"428","2440","1445","995","428","2423","1397","1026","428","2441","1463","978","428","2435","1497","938","428","2452","1496","956","428","2464","1450","1014","428","2457","1461","996","428","2442","1457","985","428","2452","1478","974","428","2465","1526","939","428","2446","1502","944","428","2458","1551","907","428","2440","1478","962","428","2400","1357","1043","428","2466","1487","979","428","2435","1415","1020","428","2443","1399","1044","428","2466","1508","958","428","2465","1474","991","428","2438","1418","1020","428","2458","1512","946","428","2455","1504","951","428","2449","1448","1001","428","2435","1463","972","428","2430","1489","941","428","2439","1405","1034","428","2440","1386","1054","428","2450","1387","1063","428","2466","1521","945","428","2447","1457","990"
,"429","2424","1432","992","429","2416","1401","1015","429","2446","1466","980","429","2451","1514","937","429","2426","1470","956","429","2467","1449","1018","429","2462","1464","998","429","2434","1446","988","429","2457","1498","959","429","2459","1519","940","429","2454","1499","955","429","2469","1561","908","429","2444","1481","963","429","2438","1382","1056","429","2461","1474","987","429","2427","1409","1018","429","2453","1383","1070","429","2458","1497","961","429","2450","1461","989","429","2455","1430","1025","429","2471","1513","958","429","2444","1497","947","429","2441","1442","999","429","2439","1456","983","429","2453","1508","945","429","2455","1414","1041","429","2458","1383","1075","429","2447","1376","1071","429","2464","1513","951","429","2448","1459","989"
,"430","2435","1436","999","430","2407","1406","1001","430","2435","1465","970","430","2446","1517","929","430","2442","1476","966","430","2457","1434","1023","430","2452","1448","1004","430","2442","1462","980","430","2454","1474","980","430","2468","1518","950","430","2444","1506","938","430","2461","1550","911","430","2445","1489","956","430","2424","1374","1050","430","2448","1461","987","430","2442","1414","1028","430","2437","1393","1044","430","2466","1492","974","430","2464","1475","989","430","2452","1416","1036","430","2456","1510","946","430","2459","1499","960","430","2449","1449","1000","430","2436","1459","977","430","2428","1481","947","430","2448","1420","1028","430","2442","1388","1054","430","2443","1364","1079","430","2451","1513","938","430","2445","1449","996"
,"431","2437","1455","982","431","2426","1426","1000","431","2437","1464","973","431","2455","1519","936","431","2445","1473","972","431","2466","1443","1023","431","2448","1442","1006","431","2439","1449","990","431","2438","1453","985","431","2465","1526","939","431","2460","1491","969","431","2469","1553","916","431","2438","1473","965","431","2427","1391","1036","431","2459","1464","995","431","2434","1400","1034","431","2434","1368","1066","431","2455","1480","975","431","2445","1467","978","431","2432","1414","1018","431","2463","1498","965","431","2462","1506","956","431","2427","1431","996","431","2444","1470","974","431","2446","1498","948","431","2444","1423","1021","431","2447","1382","1065","431","2433","1357","1076","431","2468","1530","938","431","2449","1464","985"
,"432","2452","1470","982","432","2395","1395","1000","432","2440","1467","973","432","2444","1510","934","432","2445","1466","979","432","2463","1427","1036","432","2447","1447","1000","432","2457","1470","987","432","2447","1447","1000","432","2457","1513","944","432","2457","1480","977","432","2451","1541","910","432","2451","1476","975","432","2433","1385","1048","432","2457","1469","988","432","2432","1414","1018","432","2427","1360","1067","432","2456","1495","961","432","2457","1473","984","432","2442","1415","1027","432","2448","1495","953","432","2459","1482","977","432","2425","1433","992","432","2449","1465","984","432","2428","1487","941","432","2445","1421","1024","432","2419","1362","1057","432","2428","1362","1066","432","2449","1532","917","432","2451","1469","982"
,"433","2448","1467","981","433","2433","1420","1013","433","2425","1458","967","433","2440","1509","931","433","2423","1452","971","433","2442","1426","1016","433","2453","1446","1007","433","2443","1453","990","433","2423","1444","979","433","2453","1510","943","433","2463","1489","974","433","2473","1556","917","433","2462","1476","986","433","2446","1402","1044","433","2462","1471","991","433","2448","1402","1046","433","2425","1371","1054","433","2457","1493","964","433","2451","1477","974","433","2428","1407","1021","433","2457","1486","971","433","2430","1470","960","433","2442","1447","995","433","2442","1456","986","433","2428","1487","941","433","2446","1432","1014","433","2438","1372","1066","433","2429","1365","1064","433","2457","1516","941","433","2456","1466","990"
,"434","2438","1451","987","434","2415","1418","997","434","2432","1455","977","434","2456","1515","941","434","2436","1462","974","434","2451","1411","1040","434","2446","1427","1019","434","2436","1445","991","434","2431","1475","956","434","2465","1513","952","434","2455","1489","966","434","2458","1540","918","434","2447","1476","971","434","2453","1398","1055","434","2456","1469","987","434","2434","1414","1020","434","2433","1366","1067","434","2450","1512","938","434","2458","1471","987","434","2446","1398","1048","434","2446","1489","957","434","2457","1487","970","434","2434","1434","1000","434","2442","1479","963","434","2436","1496","940","434","2466","1423","1043","434","2437","1367","1070","434","2431","1371","1060","434","2463","1517","946","434","2464","1465","999"
,"435","2448","1472","976","435","2423","1415","1008","435","2447","1461","986","435","2446","1509","937","435","2439","1469","970","435","2448","1422","1026","435","2445","1439","1006","435","2436","1454","982","435","2437","1466","971","435","2467","1518","949","435","2466","1505","961","435","2465","1547","918","435","2442","1480","962","435","2442","1403","1039","435","2458","1474","984","435","2449","1424","1025","435","2447","1366","1081","435","2463","1508","955","435","2457","1478","979","435","2428","1404","1024","435","2458","1482","976","435","2452","1480","972","435","2427","1444","983","435","2432","1485","947","435","2440","1481","959","435","2459","1419","1040","435","2441","1381","1060","435","2454","1357","1097","435","2448","1533","915","435","2446","1468","978"
,"436","2443","1465","978","436","2419","1419","1000","436","2431","1452","979","436","2441","1509","932","436","2451","1487","964","436","2465","1428","1037","436","2440","1426","1014","436","2445","1460","985","436","2451","1471","980","436","2454","1511","943","436","2445","1498","947","436","2457","1544","913","436","2447","1492","955","436","2440","1397","1043","436","2456","1463","993","436","2434","1405","1029","436","2440","1359","1081","436","2453","1499","954","436","2462","1474","988","436","2447","1398","1049","436","2464","1475","989","436","2470","1493","977","436","2440","1451","989","436","2445","1469","976","436","2438","1487","951","436","2461","1419","1042","436","2436","1386","1050","436","2427","1350","1077","436","2458","1529","929","436","2453","1484","969"
,"437","2441","1456","985","437","2434","1432","1002","437","2419","1431","988","437","2458","1513","945","437","2432","1467","965","437","2452","1429","1023","437","2434","1416","1018","437","2461","1483","978","437","2451","1470","981","437","2459","1512","947","437","2460","1501","959","437","2468","1555","913","437","2467","1494","973","437","2440","1386","1054","437","2441","1461","980","437","2450","1401","1049","437","2427","1343","1084","437","2467","1500","967","437","2468","1480","988","437","2436","1395","1041","437","2462","1472","990","437","2439","1469","970","437","2444","1442","1002","437","2450","1467","983","437","2450","1482","968","437","2446","1414","1032","437","2431","1396","1035","437","2442","1361","1081","437","2459","1529","930","437","2455","1469","986"
,"438","2455","1437","1018","438","2434","1418","1016","438","2429","1429","1000","438","2449","1510","939","438","2453","1489","964","438","2467","1430","1037","438","2427","1410","1017","438","2444","1484","960","438","2448","1467","981","438","2465","1519","946","438","2450","1500","950","438","2450","1545","905","438","2449","1490","959","438","2456","1369","1087","438","2454","1460","994","438","2419","1382","1037","438","2420","1336","1084","438","2458","1490","968","438","2465","1478","987","438","2410","1386","1024","438","2441","1470","971","438","2440","1479","961","438","2442","1439","1003","438","2442","1461","981","438","2446","1483","963","438","2454","1428","1026","438","2442","1402","1040","438","2415","1351","1064","438","2471","1520","951","438","2441","1462","979"
,"439","2442","1438","1004","439","2432","1422","1010","439","2437","1449","988","439","2446","1510","936","439","2442","1480","962","439","2474","1440","1034","439","2437","1419","1018","439","2463","1490","973","439","2452","1467","985","439","2462","1499","963","439","2456","1504","952","439","2455","1545","910","439","2452","1497","955","439","2433","1362","1071","439","2446","1446","1000","439","2440","1406","1034","439","2432","1344","1088","439","2447","1493","954","439","2463","1475","988","439","2428","1383","1045","439","2454","1475","979","439","2461","1499","962","439","2454","1443","1011","439","2446","1463","983","439","2439","1472","967","439","2448","1430","1018","439","2440","1394","1046","439","2412","1344","1068","439","2458","1516","942","439","2458","1477","981"
,"440","2430","1448","982","440","2448","1434","1014","440","2426","1454","972","440","2454","1504","950","440","2444","1470","974","440","2466","1426","1040","440","2420","1404","1016","440","2447","1485","962","440","2454","1469","985","440","2451","1486","965","440","2444","1502","942","440","2465","1551","914","440","2442","1498","944","440","2437","1383","1054","440","2458","1437","1021","440","2428","1393","1035","440","2417","1345","1072","440","2455","1496","959","440","2467","1470","997","440","2438","1396","1042","440","2452","1466","986","440","2436","1480","956","440","2411","1413","998","440","2430","1449","981","440","2430","1471","959","440","2456","1417","1039","440","2449","1384","1065","440","2431","1346","1085","440","2464","1544","920","440","2456","1457","999"
,"441","2453","1463","990","441","2427","1419","1008","441","2428","1449","979","441","2449","1512","937","441","2456","1484","972","441","2468","1414","1054","441","2434","1416","1018","441","2456","1479","977","441","2446","1476","970","441","2458","1492","966","441","2466","1504","962","441","2452","1543","909","441","2466","1506","960","441","2432","1387","1045","441","2430","1441","989","441","2437","1403","1034","441","2432","1351","1081","441","2456","1495","961","441","2454","1452","1002","441","2452","1385","1067","441","2438","1467","971","441","2467","1478","989","441","2430","1421","1009","441","2437","1448","989","441","2426","1475","951","441","2449","1416","1033","441","2450","1386","1064","441","2414","1345","1069","441","2460","1544","916","441","2445","1447","998"
,"442","2435","1447","988","442","2449","1441","1008","442","2436","1464","972","442","2452","1517","935","442","2458","1489","969","442","2453","1415","1038","442","2442","1428","1014","442","2463","1483","980","442","2450","1473","977","442","2459","1487","972","442","2470","1511","959","442","2456","1521","935","442","2459","1494","965","442","2433","1389","1044","442","2438","1452","986","442","2426","1403","1023","442","2431","1364","1067","442","2462","1503","959","442","2465","1469","996","442","2422","1376","1046","442","2440","1474","966","442","2451","1479","972","442","2428","1434","994","442","2436","1461","975","442","2429","1477","952","442","2460","1421","1039","442","2441","1389","1052","442","2424","1365","1059","442","2472","1552","920","442","2459","1450","1009"
,"443","2453","1460","993","443","2440","1426","1014","443","2432","1450","982","443","2466","1530","936","443","2449","1492","957","443","2451","1408","1043","443","2438","1425","1013","443","2458","1476","982","443","2438","1476","962","443","2441","1477","964","443","2456","1501","955","443","2466","1530","936","443","2465","1489","976","443","2439","1383","1056","443","2443","1441","1002","443","2419","1390","1029","443","2433","1362","1071","443","2447","1502","945","443","2449","1456","993","443","2427","1383","1044","443","2451","1479","972","443","2456","1475","981","443","2436","1436","1000","443","2453","1448","1005","443","2432","1487","945","443","2457","1423","1034","443","2448","1373","1075","443","2429","1370","1059","443","2463","1547","916","443","2457","1450","1007"
,"444","2442","1468","974","444","2444","1435","1009","444","2448","1461","987","444","2458","1515","943","444","2452","1489","963","444","2467","1398","1069","444","2445","1441","1004","444","2462","1476","986","444","2438","1462","976","444","2435","1487","948","444","2463","1510","953","444","2446","1536","910","444","2454","1479","975","444","2436","1375","1061","444","2453","1460","993","444","2436","1392","1044","444","2435","1363","1072","444","2453","1508","945","444","2456","1450","1006","444","2443","1393","1050","444","2447","1474","973","444","2456","1473","983","444","2426","1425","1001","444","2443","1467","976","444","2432","1488","944","444","2452","1428","1024","444","2429","1363","1066","444","2439","1371","1068","444","2461","1546","915","444","2457","1453","1004"
,"445","2454","1463","991","445","2430","1427","1003","445","2431","1446","985","445","2459","1536","923","445","2456","1481","975","445","2443","1401","1042","445","2435","1450","985","445","2471","1476","995","445","2440","1453","987","445","2453","1501","952","445","2463","1483","980","445","2461","1532","929","445","2468","1482","986","445","2430","1375","1055","445","2450","1463","987","445","2425","1385","1040","445","2432","1372","1060","445","2448","1512","936","445","2458","1448","1010","445","2430","1402","1028","445","2446","1478","968","445","2441","1464","977","445","2414","1397","1017","445","2450","1464","986","445","2434","1509","925","445","2446","1423","1023","445","2441","1357","1084","445","2427","1363","1064","445","2471","1549","922","445","2456","1454","1002"
,"446","2460","1462","998","446","2439","1419","1020","446","2441","1448","993","446","2452","1521","931","446","2449","1488","961","446","2458","1418","1040","446","2439","1444","995","446","2457","1483","974","446","2436","1467","969","446","2444","1499","945","446","2455","1479","976","446","2458","1520","938","446","2445","1471","974","446","2441","1377","1064","446","2451","1459","992","446","2421","1393","1028","446","2443","1384","1059","446","2462","1513","949","446","2450","1455","995","446","2423","1383","1040","446","2448","1471","977","446","2456","1482","974","446","2408","1397","1011","446","2437","1454","983","446","2441","1502","939","446","2456","1426","1030","446","2428","1367","1061","446","2441","1360","1081","446","2466","1537","929","446","2454","1456","998"
,"447","2453","1477","976","447","2439","1432","1007","447","2444","1457","987","447","2447","1512","935","447","2443","1496","947","447","2458","1409","1049","447","2445","1442","1003","447","2455","1490","965","447","2446","1451","995","447","2467","1504","963","447","2460","1487","973","447","2445","1531","914","447","2448","1480","968","447","2445","1392","1053","447","2458","1468","990","447","2436","1405","1031","447","2442","1364","1078","447","2460","1517","943","447","2447","1454","993","447","2412","1390","1022","447","2456","1489","967","447","2452","1470","982","447","2434","1410","1024","447","2446","1459","987","447","2429","1503","926","447","2469","1425","1044","447","2434","1370","1064","447","2406","1338","1068","447","2463","1530","933","447","2452","1463","989"
,"448","2467","1486","981","448","2431","1418","1013","448","2436","1459","977","448","2445","1523","922","448","2450","1493","957","448","2454","1413","1041","448","2435","1444","991","448","2461","1485","976","448","2430","1452","978","448","2448","1488","960","448","2446","1482","964","448","2449","1532","917","448","2453","1490","963","448","2458","1394","1064","448","2451","1470","981","448","2443","1400","1043","448","2439","1370","1069","448","2462","1525","937","448","2457","1453","1004","448","2414","1396","1018","448","2455","1482","973","448","2454","1479","975","448","2423","1403","1020","448","2436","1458","978","448","2439","1506","933","448","2454","1416","1038","448","2438","1380","1058","448","2425","1330","1095","448","2458","1546","912","448","2466","1477","989"
,"449","2458","1471","987","449","2453","1428","1025","449","2444","1453","991","449","2463","1536","927","449","2451","1501","950","449","2459","1405","1054","449","2438","1441","997","449","2458","1485","973","449","2441","1455","986","449","2446","1480","966","449","2449","1474","975","449","2451","1525","926","449","2453","1494","959","449","2457","1380","1077","449","2467","1461","1006","449","2443","1399","1044","449","2431","1375","1056","449","2470","1517","953","449","2457","1470","987","449","2431","1413","1018","449","2458","1496","962","449","2432","1468","964","449","2429","1418","1011","449","2435","1444","991","449","2454","1511","943","449","2444","1416","1028","449","2432","1358","1074","449","2431","1347","1084","449","2471","1544","927","449","2458","1470","988"
,"450","2458","1467","991","450","2438","1437","1001","450","2443","1464","979","450","2458","1531","927","450","2451","1505","946","450","2453","1413","1040","450","2453","1461","992","450","2457","1490","967","450","2443","1466","977","450","2449","1489","960","450","2449","1474","975","450","2449","1517","932","450","2462","1488","974","450","2446","1391","1055","450","2448","1456","992","450","2419","1390","1029","450","2436","1377","1059","450","2467","1508","959","450","2443","1451","992","450","2418","1405","1013","450","2460","1487","973","450","2439","1476","963","450","2422","1418","1004","450","2439","1441","998","450","2440","1490","950","450","2442","1432","1010","450","2443","1364","1079","450","2430","1334","1096","450","2461","1535","926","450","2448","1474","974"
,"451","2452","1469","983","451","2418","1424","994","451","2433","1448","985","451","2460","1522","938","451","2454","1501","953","451","2451","1402","1049","451","2436","1460","976","451","2455","1486","969","451","2453","1488","965","451","2440","1480","960","451","2463","1467","996","451","2455","1515","940","451","2450","1487","963","451","2434","1382","1052","451","2453","1467","986","451","2436","1394","1042","451","2434","1375","1059","451","2456","1491","965","451","2456","1458","998","451","2432","1402","1030","451","2465","1490","975","451","2439","1476","963","451","2421","1418","1003","451","2432","1441","991","451","2454","1501","953","451","2457","1435","1022","451","2440","1367","1073","451","2425","1341","1084","451","2458","1536","922","451","2457","1467","990"
,"452","2452","1486","966","452","2438","1426","1012","452","2432","1436","996","452","2440","1522","918","452","2448","1499","949","452","2455","1400","1055","452","2445","1457","988","452","2458","1478","980","452","2445","1472","973","452","2433","1459","974","452","2453","1473","980","452","2461","1510","951","452","2457","1503","954","452","2446","1381","1065","452","2450","1452","998","452","2446","1406","1040","452","2429","1371","1058","452","2463","1491","972","452","2453","1462","991","452","2432","1420","1012","452","2461","1480","981","452","2442","1471","971","452","2429","1428","1001","452","2418","1452","966","452","2440","1491","949","452","2460","1446","1014","452","2425","1362","1063","452","2406","1324","1082","452","2465","1544","921","452","2453","1454","999"
,"453","2467","1476","991","453","2426","1426","1000","453","2422","1442","980","453","2462","1528","934","453","2449","1505","944","453","2451","1393","1058","453","2432","1453","979","453","2456","1489","967","453","2448","1454","994","453","2436","1452","984","453","2445","1461","984","453","2454","1521","933","453","2457","1502","955","453","2457","1381","1076","453","2455","1440","1015","453","2441","1415","1026","453","2442","1380","1062","453","2447","1489","958","453","2461","1460","1001","453","2440","1415","1025","453","2450","1481","969","453","2442","1475","967","453","2447","1431","1016","453","2430","1451","979","453","2444","1494","950","453","2462","1442","1020","453","2430","1392","1038","453","2409","1343","1066","453","2462","1533","929","453","2442","1452","990"
,"454","2449","1473","976","454","2423","1427","996","454","2418","1445","973","454","2466","1518","948","454","2459","1508","951","454","2460","1402","1058","454","2431","1432","999","454","2443","1460","983","454","2436","1452","984","454","2458","1475","983","454","2446","1468","978","454","2446","1510","936","454","2458","1494","964","454","2460","1375","1085","454","2449","1425","1024","454","2439","1414","1025","454","2446","1381","1065","454","2463","1485","978","454","2464","1454","1010","454","2449","1404","1045","454","2453","1481","972","454","2454","1483","971","454","2445","1423","1022","454","2421","1449","972","454","2443","1503","940","454","2451","1423","1028","454","2418","1364","1054","454","2398","1338","1060","454","2470","1544","926","454","2456","1451","1005"
,"455","2446","1470","976","455","2438","1436","1002","455","2438","1443","995","455","2461","1519","942","455","2456","1512","944","455","2452","1385","1067","455","2446","1460","986","455","2455","1468","987","455","2448","1450","998","455","2448","1467","981","455","2439","1475","964","455","2459","1524","935","455","2447","1473","974","455","2448","1382","1066","455","2450","1431","1019","455","2450","1420","1030","455","2434","1369","1065","455","2464","1479","985","455","2458","1450","1008","455","2424","1396","1028","455","2457","1479","978","455","2442","1467","975","455","2437","1421","1016","455","2434","1458","976","455","2446","1489","957","455","2459","1427","1032","455","2423","1370","1053","455","2421","1352","1069","455","2474","1542","932","455","2451","1451","1000"
,"456","2453","1468","985","456","2438","1435","1003","456","2436","1440","996","456","2456","1508","948","456","2458","1511","947","456","2453","1384","1069","456","2444","1462","982","456","2456","1462","994","456","2432","1419","1013","456","2449","1471","978","456","2441","1474","967","456","2463","1525","938","456","2456","1479","977","456","2448","1347","1101","456","2440","1446","994","456","2434","1393","1041","456","2439","1368","1071","456","2453","1464","989","456","2441","1438","1003","456","2420","1386","1034","456","2448","1470","978","456","2456","1485","971","456","2436","1420","1016","456","2436","1461","975","456","2440","1483","957","456","2466","1424","1042","456","2428","1391","1037","456","2432","1344","1088","456","2469","1541","928","456","2464","1450","1014"
,"457","2449","1461","988","457","2442","1443","999","457","2433","1448","985","457","2465","1512","953","457","2443","1500","943","457","2456","1387","1069","457","2441","1452","989","457","2455","1465","990","457","2431","1439","992","457","2444","1459","985","457","2426","1469","957","457","2456","1516","940","457","2449","1468","981","457","2441","1355","1086","457","2455","1450","1005","457","2428","1393","1035","457","2431","1352","1079","457","2455","1476","979","457","2442","1452","990","457","2427","1392","1035","457","2447","1466","981","457","2442","1455","987","457","2447","1414","1033","457","2437","1457","980","457","2436","1486","950","457","2462","1417","1045","457","2430","1387","1043","457","2431","1371","1060","457","2481","1542","939","457","2448","1447","1001"
,"458","2465","1474","991","458","2442","1467","975","458","2434","1446","988","458","2455","1499","956","458","2445","1484","961","458","2442","1376","1066","458","2436","1448","988","458","2463","1471","992","458","2458","1469","989","458","2447","1469","978","458","2430","1480","950","458","2455","1507","948","458","2445","1471","974","458","2443","1374","1069","458","2447","1464","983","458","2424","1391","1033","458","2438","1368","1070","458","2445","1461","984","458","2464","1447","1017","458","2426","1399","1027","458","2450","1458","992","458","2437","1475","962","458","2418","1400","1018","458","2450","1476","974","458","2438","1501","937","458","2461","1418","1043","458","2428","1374","1054","458","2438","1369","1069","458","2474","1540","934","458","2462","1452","1010"
,"459","2455","1464","991","459","2454","1464","990","459","2432","1442","990","459","2460","1500","960","459","2443","1502","941","459","2454","1379","1075","459","2429","1440","989","459","2453","1453","1000","459","2463","1469","994","459","2445","1468","977","459","2437","1470","967","459","2452","1510","942","459","2453","1464","989","459","2440","1377","1063","459","2459","1460","999","459","2414","1375","1039","459","2420","1357","1063","459","2446","1465","981","459","2444","1450","994","459","2421","1396","1025","459","2444","1463","981","459","2433","1473","960","459","2419","1407","1012","459","2452","1466","986","459","2447","1502","945","459","2462","1410","1052","459","2435","1367","1068","459","2421","1377","1044","459","2470","1524","946","459","2460","1452","1008"
,"460","2465","1458","1007","460","2418","1456","962","460","2421","1453","968","460","2460","1488","972","460","2434","1483","951","460","2453","1398","1055","460","2430","1448","982","460","2462","1462","1000","460","2444","1460","984","460","2450","1478","972","460","2429","1474","955","460","2443","1517","926","460","2442","1455","987","460","2441","1369","1072","460","2445","1434","1011","460","2439","1395","1044","460","2441","1362","1079","460","2438","1466","972","460","2450","1454","996","460","2426","1405","1021","460","2444","1461","983","460","2453","1479","974","460","2429","1408","1021","460","2445","1458","987","460","2428","1498","930","460","2470","1414","1056","460","2414","1346","1068","460","2449","1391","1058","460","2462","1525","937","460","2456","1457","999"
,"461","2445","1453","992","461","2451","1476","975","461","2442","1456","986","461","2459","1494","965","461","2450","1501","949","461","2448","1386","1062","461","2432","1459","973","461","2463","1454","1009","461","2437","1448","989","461","2435","1464","971","461","2434","1495","939","461","2465","1523","942","461","2449","1463","986","461","2442","1379","1063","461","2450","1456","994","461","2444","1390","1054","461","2437","1358","1079","461","2444","1473","971","461","2455","1473","982","461","2425","1408","1017","461","2454","1481","973","461","2429","1470","959","461","2413","1405","1008","461","2453","1466","987","461","2437","1494","943","461","2452","1395","1057","461","2427","1353","1074","461","2434","1400","1034","461","2477","1531","946","461","2464","1451","1013"
,"462","2447","1457","990","462","2448","1476","972","462","2440","1464","976","462","2448","1478","970","462","2432","1495","937","462","2467","1407","1060","462","2424","1446","978","462","2471","1460","1011","462","2427","1445","982","462","2450","1489","961","462","2428","1498","930","462","2460","1523","937","462","2452","1479","973","462","2435","1364","1071","462","2446","1458","988","462","2451","1396","1055","462","2429","1360","1069","462","2459","1480","979","462","2473","1463","1010","462","2425","1420","1005","462","2456","1483","973","462","2431","1462","969","462","2432","1416","1016","462","2434","1461","973","462","2445","1503","942","462","2472","1402","1070","462","2406","1353","1053","462","2452","1384","1068","462","2468","1528","940","462","2463","1454","1009"
,"463","2449","1458","991","463","2455","1471","984","463","2433","1464","969","463","2449","1478","971","463","2434","1490","944","463","2460","1393","1067","463","2438","1457","981","463","2447","1447","1000","463","2439","1456","983","463","2454","1472","982","463","2450","1501","949","463","2460","1518","942","463","2449","1476","973","463","2419","1355","1064","463","2442","1437","1005","463","2449","1398","1051","463","2432","1354","1078","463","2448","1471","977","463","2444","1460","984","463","2434","1408","1026","463","2443","1478","965","463","2437","1471","966","463","2451","1431","1020","463","2445","1470","975","463","2450","1506","944","463","2473","1411","1062","463","2430","1366","1064","463","2435","1389","1046","463","2477","1532","945","463","2466","1448","1018"
,"464","2456","1466","990","464","2440","1444","996","464","2450","1466","984","464","2437","1483","954","464","2450","1494","956","464","2448","1388","1060","464","2437","1457","980","464","2447","1434","1013","464","2448","1439","1009","464","2437","1463","974","464","2448","1506","942","464","2453","1520","933","464","2442","1479","963","464","2442","1382","1060","464","2437","1450","987","464","2452","1393","1059","464","2437","1362","1075","464","2451","1477","974","464","2465","1473","992","464","2438","1423","1015","464","2444","1480","964","464","2451","1493","958","464","2443","1416","1027","464","2442","1474","968","464","2461","1502","959","464","2470","1405","1065","464","2429","1360","1069","464","2458","1397","1061","464","2473","1529","944","464","2464","1442","1022"
,"465","2457","1468","989","465","2435","1457","978","465","2437","1460","977","465","2437","1485","952","465","2461","1487","974","465","2438","1394","1044","465","2441","1459","982","465","2434","1450","984","465","2401","1419","982","465","2451","1478","973","465","2464","1518","946","465","2472","1516","956","465","2466","1492","974","465","2436","1381","1055","465","2446","1447","999","465","2443","1398","1045","465","2423","1345","1078","465","2462","1500","962","465","2460","1448","1012","465","2428","1420","1008","465","2450","1465","985","465","2441","1473","968","465","2449","1413","1036","465","2453","1479","974","465","2446","1492","954","465","2454","1388","1066","465","2408","1343","1065","465","2450","1407","1043","465","2467","1511","956","465","2455","1440","1015"
,"466","2434","1459","975","466","2424","1447","977","466","2452","1460","992","466","2446","1487","959","466","2464","1496","968","466","2441","1398","1043","466","2431","1458","973","466","2464","1461","1003","466","2432","1441","991","466","2461","1489","972","466","2444","1510","934","466","2446","1513","933","466","2459","1485","974","466","2437","1396","1041","466","2429","1447","982","466","2448","1384","1064","466","2421","1349","1072","466","2464","1485","979","466","2464","1451","1013","466","2444","1419","1025","466","2440","1484","956","466","2447","1476","971","466","2441","1406","1035","466","2457","1487","970","466","2457","1498","959","466","2447","1375","1072","466","2437","1377","1060","466","2444","1392","1052","466","2467","1502","965","466","2457","1431","1026"
,"467","2451","1462","989","467","2442","1462","980","467","2434","1471","963","467","2442","1497","945","467","2447","1480","967","467","2462","1393","1069","467","2430","1445","985","467","2451","1451","1000","467","2420","1438","982","467","2446","1478","968","467","2444","1504","940","467","2473","1525","948","467","2452","1483","969","467","2434","1385","1049","467","2437","1442","995","467","2442","1384","1058","467","2424","1361","1063","467","2455","1489","966","467","2457","1434","1023","467","2425","1397","1028","467","2448","1493","955","467","2439","1458","981","467","2433","1422","1011","467","2451","1469","982","467","2446","1486","960","467","2456","1380","1076","467","2438","1366","1072","467","2435","1392","1043","467","2469","1507","962","467","2463","1461","1002"
,"468","2435","1449","986","468","2448","1489","959","468","2440","1476","964","468","2437","1502","935","468","2442","1478","964","468","2448","1399","1049","468","2447","1466","981","468","2439","1457","982","468","2424","1449","975","468","2456","1475","981","468","2443","1515","928","468","2464","1519","945","468","2445","1464","981","468","2434","1381","1053","468","2433","1448","985","468","2436","1391","1045","468","2429","1362","1067","468","2455","1473","982","468","2455","1447","1008","468","2421","1387","1034","468","2452","1496","956","468","2436","1463","973","468","2453","1428","1025","468","2442","1473","969","468","2439","1496","943","468","2459","1371","1088","468","2427","1361","1066","468","2428","1378","1050","468","2469","1517","952","468","2457","1440","1017"
,"469","2458","1454","1004","469","2460","1473","987","469","2456","1488","968","469","2453","1507","946","469","2438","1491","947","469","2453","1406","1047","469","2453","1486","967","469","2452","1460","992","469","2447","1465","982","469","2447","1479","968","469","2442","1518","924","469","2467","1531","936","469","2425","1463","962","469","2446","1400","1046","469","2445","1448","997","469","2429","1375","1054","469","2423","1356","1067","469","2443","1480","963","469","2462","1421","1041","469","2439","1394","1045","469","2467","1485","982","469","2431","1463","968","469","2439","1413","1026","469","2449","1459","990","469","2441","1504","937","469","2439","1374","1065","469","2438","1372","1066","469","2441","1383","1058","469","2467","1504","963","469","2448","1432","1016"
,"470","2446","1460","986","470","2444","1477","967","470","2443","1464","979","470","2452","1498","954","470","2453","1484","969","470","2465","1406","1059","470","2459","1488","971","470","2457","1461","996","470","2430","1447","983","470","2451","1471","980","470","2442","1520","922","470","2469","1551","918","470","2433","1482","951","470","2458","1397","1061","470","2445","1440","1005","470","2443","1379","1064","470","2426","1345","1081","470","2473","1492","981","470","2451","1413","1038","470","2448","1391","1057","470","2442","1471","971","470","2445","1482","963","470","2444","1435","1009","470","2458","1470","988","470","2448","1510","938","470","2450","1382","1068","470","2415","1370","1045","470","2444","1385","1059","470","2449","1505","944","470","2453","1430","1023"
,"471","2442","1458","984","471","2463","1482","981","471","2459","1475","984","471","2450","1493","957","471","2450","1487","963","471","2461","1398","1063","471","2466","1492","974","471","2460","1465","995","471","2429","1461","968","471","2445","1477","968","471","2449","1543","906","471","2453","1544","909","471","2448","1489","959","471","2438","1399","1039","471","2449","1446","1003","471","2435","1375","1060","471","2424","1356","1068","471","2446","1485","961","471","2447","1423","1024","471","2444","1390","1054","471","2440","1459","981","471","2458","1484","974","471","2452","1434","1018","471","2460","1480","980","471","2430","1508","922","471","2448","1366","1082","471","2416","1376","1040","471","2437","1390","1047","471","2456","1509","947","471","2455","1430","1025"
,"472","2450","1476","974","472","2460","1489","971","472","2455","1452","1003","472","2466","1517","949","472","2441","1494","947","472","2452","1400","1052","472","2463","1469","994","472","2459","1465","994","472","2440","1476","964","472","2463","1487","976","472","2448","1529","919","472","2472","1537","935","472","2454","1490","964","472","2457","1386","1071","472","2432","1451","981","472","2424","1368","1056","472","2400","1348","1052","472","2463","1495","968","472","2441","1426","1015","472","2415","1372","1043","472","2440","1471","969","472","2445","1489","956","472","2428","1422","1006","472","2462","1475","987","472","2445","1524","921","472","2450","1368","1082","472","2436","1376","1060","472","2435","1402","1033","472","2472","1515","957","472","2443","1425","1018"
,"473","2454","1472","982","473","2455","1475","980","473","2432","1452","980","473","2448","1499","949","473","2446","1482","964","473","2450","1404","1046","473","2462","1473","989","473","2459","1461","998","473","2433","1447","986","473","2448","1499","949","473","2437","1525","912","473","2464","1531","933","473","2456","1493","963","473","2442","1371","1071","473","2430","1450","980","473","2424","1381","1043","473","2412","1347","1065","473","2453","1487","966","473","2451","1417","1034","473","2425","1376","1049","473","2446","1487","959","473","2430","1477","953","473","2449","1429","1020","473","2449","1464","985","473","2444","1522","922","473","2451","1352","1099","473","2444","1380","1064","473","2448","1419","1029","473","2471","1525","946","473","2438","1440","998"
,"474","2456","1475","981","474","2457","1476","981","474","2449","1473","976","474","2465","1506","959","474","2462","1483","979","474","2456","1398","1058","474","2460","1486","974","474","2462","1462","1000","474","2436","1474","962","474","2444","1487","957","474","2452","1527","925","474","2464","1525","939","474","2452","1477","975","474","2447","1388","1059","474","2448","1450","998","474","2422","1387","1035","474","2414","1359","1055","474","2440","1493","947","474","2433","1418","1015","474","2417","1370","1047","474","2447","1474","973","474","2446","1479","967","474","2451","1426","1025","474","2455","1468","987","474","2431","1505","926","474","2443","1372","1071","474","2448","1375","1073","474","2437","1385","1052","474","2465","1506","959","474","2446","1438","1008"
,"475","2450","1467","983","475","2453","1481","972","475","2437","1456","981","475","2438","1494","944","475","2443","1481","962","475","2447","1388","1059","475","2456","1470","986","475","2444","1460","984","475","2433","1483","950","475","2429","1456","973","475","2455","1504","951","475","2472","1545","927","475","2455","1485","970","475","2442","1384","1058","475","2437","1465","972","475","2438","1388","1050","475","2419","1374","1045","475","2456","1489","967","475","2450","1410","1040","475","2433","1385","1048","475","2446","1470","976","475","2434","1476","958","475","2452","1414","1038","475","2446","1470","976","475","2455","1515","940","475","2430","1367","1063","475","2458","1374","1084","475","2431","1387","1044","475","2446","1495","951","475","2446","1445","1001"
,"476","2457","1456","1001","476","2457","1502","955","476","2446","1466","980","476","2453","1488","965","476","2453","1476","977","476","2448","1401","1047","476","2465","1480","985","476","2451","1465","986","476","2457","1488","969","476","2452","1475","977","476","2450","1511","939","476","2470","1551","919","476","2459","1487","972","476","2430","1402","1028","476","2443","1477","966","476","2436","1386","1050","476","2429","1384","1045","476","2446","1484","962","476","2432","1404","1028","476","2420","1378","1042","476","2433","1450","983","476","2428","1474","954","476","2445","1431","1014","476","2444","1475","969","476","2451","1527","924","476","2451","1374","1077","476","2439","1371","1068","476","2442","1368","1074","476","2448","1490","958","476","2449","1415","1034"
,"477","2450","1460","990","477","2461","1505","956","477","2443","1469","974","477","2450","1481","969","477","2441","1483","958","477","2439","1397","1042","477","2459","1467","992","477","2469","1475","994","477","2446","1479","967","477","2444","1471","973","477","2467","1533","934","477","2471","1549","922","477","2450","1476","974","477","2441","1385","1056","477","2446","1474","972","477","2434","1392","1042","477","2425","1367","1058","477","2456","1501","955","477","2435","1428","1007","477","2435","1364","1071","477","2442","1453","989","477","2434","1478","956","477","2457","1426","1031","477","2457","1473","984","477","2443","1509","934","477","2453","1376","1077","477","2446","1378","1068","477","2428","1392","1036","477","2462","1500","962","477","2446","1432","1014"
,"478","2442","1451","991","478","2458","1499","959","478","2436","1450","986","478","2453","1483","970","478","2444","1488","956","478","2440","1401","1039","478","2461","1466","995","478","2447","1452","995","478","2451","1477","974","478","2448","1475","973","478","2451","1528","923","478","2474","1549","925","478","2449","1479","970","478","2452","1396","1056","478","2445","1484","961","478","2427","1388","1039","478","2421","1380","1041","478","2458","1495","963","478","2439","1426","1013","478","2446","1397","1049","478","2433","1454","979","478","2439","1474","965","478","2453","1416","1037","478","2458","1477","981","478","2436","1518","918","478","2447","1381","1066","478","2445","1380","1065","478","2443","1392","1051","478","2465","1497","968","478","2436","1423","1013"
,"479","2467","1457","1010","479","2456","1502","954","479","2425","1451","974","479","2442","1492","950","479","2448","1495","953","479","2436","1395","1041","479","2458","1456","1002","479","2457","1449","1008","479","2471","1495","976","479","2447","1479","968","479","2470","1539","931","479","2469","1540","929","479","2457","1481","976","479","2441","1381","1060","479","2436","1477","959","479","2439","1410","1029","479","2445","1379","1066","479","2446","1500","946","479","2453","1426","1027","479","2449","1380","1069","479","2431","1457","974","479","2430","1497","933","479","2437","1400","1037","479","2453","1483","970","479","2449","1511","938","479","2437","1369","1068","479","2444","1367","1077","479","2441","1407","1034","479","2436","1498","938","479","2453","1436","1017"
,"480","2456","1444","1012","480","2462","1491","971","480","2450","1480","970","480","2464","1476","988","480","2460","1485","975","480","2449","1398","1051","480","2458","1468","990","480","2449","1445","1004","480","2443","1491","952","480","2437","1476","961","480","2450","1529","921","480","2469","1529","940","480","2464","1487","977","480","2455","1390","1065","480","2460","1474","986","480","2443","1395","1048","480","2434","1374","1060","480","2459","1511","948","480","2434","1413","1021","480","2457","1388","1069","480","2440","1455","985","480","2450","1499","951","480","2445","1392","1053","480","2450","1471","979","480","2433","1514","919","480","2441","1393","1048","480","2433","1358","1075","480","2459","1409","1050","480","2440","1484","956","480","2445","1432","1013"
,"481","2449","1427","1022","481","2455","1487","968","481","2459","1470","989","481","2444","1475","969","481","2439","1481","958","481","2445","1390","1055","481","2443","1466","977","481","2439","1442","997","481","2465","1483","982","481","2433","1486","947","481","2478","1543","935","481","2473","1532","941","481","2462","1479","983","481","2443","1365","1078","481","2462","1489","973","481","2452","1388","1064","481","2424","1381","1043","481","2465","1510","955","481","2437","1419","1018","481","2435","1392","1043","481","2460","1490","970","481","2447","1498","949","481","2441","1407","1034","481","2460","1469","991","481","2455","1531","924","481","2430","1379","1051","481","2441","1352","1089","481","2439","1393","1046","481","2435","1489","946","481","2440","1429","1011"
,"482","2445","1444","1001","482","2452","1497","955","482","2454","1468","986","482","2457","1488","969","482","2440","1477","963","482","2434","1389","1045","482","2472","1474","998","482","2450","1462","988","482","2452","1473","979","482","2437","1473","964","482","2471","1537","934","482","2468","1541","927","482","2462","1468","994","482","2436","1371","1065","482","2446","1491","955","482","2444","1393","1051","482","2420","1380","1040","482","2475","1518","957","482","2444","1438","1006","482","2433","1398","1035","482","2441","1469","972","482","2446","1519","927","482","2454","1415","1039","482","2442","1456","986","482","2467","1524","943","482","2435","1395","1040","482","2441","1368","1073","482","2437","1397","1040","482","2451","1496","955","482","2450","1430","1020"
,"483","2435","1440","995","483","2458","1515","943","483","2454","1459","995","483","2458","1485","973","483","2447","1484","963","483","2431","1416","1015","483","2450","1479","971","483","2448","1472","976","483","2450","1475","975","483","2422","1467","955","483","2461","1548","913","483","2469","1533","936","483","2445","1459","986","483","2421","1371","1050","483","2469","1474","995","483","2425","1398","1027","483","2424","1379","1045","483","2465","1506","959","483","2440","1432","1008","483","2435","1384","1051","483","2438","1461","977","483","2448","1511","937","483","2446","1395","1051","483","2457","1463","994","483","2440","1523","917","483","2452","1394","1058","483","2437","1368","1069","483","2446","1407","1039","483","2443","1497","946","483","2450","1424","1026"
,"484","2412","1424","988","484","2462","1521","941","484","2457","1437","1020","484","2440","1470","970","484","2459","1484","975","484","2446","1413","1033","484","2455","1480","975","484","2459","1473","986","484","2452","1462","990","484","2427","1457","970","484","2456","1526","930","484","2464","1523","941","484","2456","1478","978","484","2434","1375","1059","484","2455","1489","966","484","2442","1397","1045","484","2424","1374","1050","484","2475","1515","960","484","2446","1440","1006","484","2433","1384","1049","484","2457","1466","991","484","2449","1521","928","484","2439","1406","1033","484","2454","1477","977","484","2443","1506","937","484","2450","1402","1048","484","2436","1380","1056","484","2456","1411","1045","484","2438","1494","944","484","2449","1423","1026"
,"485","2441","1440","1001","485","2475","1516","959","485","2452","1436","1016","485","2453","1476","977","485","2450","1481","969","485","2454","1393","1061","485","2464","1489","975","485","2447","1461","986","485","2462","1465","997","485","2418","1458","960","485","2463","1534","929","485","2466","1530","936","485","2448","1448","1000","485","2430","1381","1049","485","2459","1493","966","485","2458","1411","1047","485","2417","1376","1041","485","2472","1513","959","485","2445","1440","1005","485","2437","1386","1051","485","2448","1475","973","485","2460","1527","933","485","2436","1401","1035","485","2450","1477","973","485","2444","1504","940","485","2445","1399","1046","485","2449","1385","1064","485","2460","1421","1039","485","2457","1499","958","485","2438","1424","1014"
,"486","2451","1435","1016","486","2465","1516","949","486","2448","1437","1011","486","2451","1478","973","486","2458","1503","955","486","2457","1404","1053","486","2463","1503","960","486","2456","1468","988","486","2432","1465","967","486","2417","1466","951","486","2475","1555","920","486","2467","1538","929","486","2448","1442","1006","486","2445","1394","1051","486","2454","1483","971","486","2439","1392","1047","486","2428","1383","1045","486","2470","1512","958","486","2443","1424","1019","486","2435","1401","1034","486","2449","1469","980","486","2463","1521","942","486","2453","1397","1056","486","2446","1480","966","486","2437","1495","942","486","2462","1395","1067","486","2444","1391","1053","486","2450","1406","1044","486","2455","1510","945","486","2452","1430","1022"
,"487","2424","1428","996","487","2464","1501","963","487","2446","1445","1001","487","2447","1472","975","487","2446","1491","955","487","2454","1405","1049","487","2474","1498","976","487","2445","1452","993","487","2462","1475","987","487","2418","1457","961","487","2472","1538","934","487","2462","1533","929","487","2438","1434","1004","487","2444","1389","1055","487","2456","1486","970","487","2422","1398","1024","487","2430","1376","1054","487","2459","1496","963","487","2449","1443","1006","487","2445","1411","1034","487","2451","1460","991","487","2462","1543","919","487","2440","1400","1040","487","2461","1479","982","487","2453","1508","945","487","2472","1394","1078","487","2433","1374","1059","487","2456","1410","1046","487","2462","1505","957","487","2457","1448","1009"
,"488","2453","1445","1008","488","2453","1501","952","488","2448","1441","1007","488","2456","1471","985","488","2447","1492","955","488","2450","1397","1053","488","2473","1496","977","488","2447","1462","985","488","2439","1465","974","488","2417","1464","953","488","2464","1531","933","488","2466","1529","937","488","2440","1440","1000","488","2446","1384","1062","488","2463","1487","976","488","2434","1397","1037","488","2427","1366","1061","488","2455","1496","959","488","2454","1433","1021","488","2427","1382","1045","488","2451","1456","995","488","2471","1526","945","488","2429","1394","1035","488","2457","1472","985","488","2432","1506","926","488","2452","1383","1069","488","2463","1403","1060","488","2437","1402","1035","488","2456","1501","955","488","2460","1429","1031"
,"489","2439","1434","1005","489","2463","1512","951","489","2437","1427","1010","489","2451","1471","980","489","2463","1505","958","489","2450","1411","1039","489","2470","1486","984","489","2447","1451","996","489","2449","1471","978","489","2431","1464","967","489","2458","1525","933","489","2478","1531","947","489","2454","1441","1013","489","2448","1379","1069","489","2443","1484","959","489","2442","1372","1070","489","2421","1352","1069","489","2466","1502","964","489","2444","1445","999","489","2443","1382","1061","489","2447","1454","993","489","2457","1524","933","489","2449","1396","1053","489","2461","1469","992","489","2433","1503","930","489","2443","1371","1072","489","2455","1388","1067","489","2461","1401","1060","489","2456","1500","956","489","2449","1423","1026"
,"490","2454","1448","1006","490","2451","1504","947","490","2432","1428","1004","490","2439","1450","989","490","2451","1499","952","490","2447","1399","1048","490","2466","1474","992","490","2466","1457","1009","490","2452","1484","968","490","2423","1466","957","490","2477","1535","942","490","2478","1526","952","490","2459","1457","1002","490","2453","1377","1076","490","2462","1474","988","490","2438","1374","1064","490","2419","1361","1058","490","2452","1500","952","490","2455","1453","1002","490","2435","1369","1066","490","2439","1446","993","490","2463","1515","948","490","2435","1412","1023","490","2459","1468","991","490","2440","1514","926","490","2447","1380","1067","490","2451","1395","1056","490","2447","1409","1038","490","2462","1483","979","490","2453","1416","1037"
,"491","2449","1456","993","491","2474","1518","956","491","2427","1438","989","491","2454","1446","1008","491","2447","1495","952","491","2448","1406","1042","491","2472","1476","996","491","2464","1446","1018","491","2459","1482","977","491","2434","1491","943","491","2476","1545","931","491","2468","1523","945","491","2451","1457","994","491","2451","1381","1070","491","2451","1476","975","491","2422","1369","1053","491","2414","1356","1058","491","2443","1494","949","491","2450","1433","1017","491","2435","1366","1069","491","2431","1451","980","491","2445","1508","937","491","2448","1419","1029","491","2462","1462","1000","491","2430","1512","918","491","2432","1387","1045","491","2447","1403","1044","491","2450","1400","1050","491","2458","1482","976","491","2441","1398","1043"
,"492","2442","1447","995","492","2459","1516","943","492","2446","1431","1015","492","2447","1461","986","492","2452","1490","962","492","2448","1401","1047","492","2447","1455","992","492","2449","1439","1010","492","2448","1483","965","492","2440","1494","946","492","2477","1544","933","492","2468","1519","949","492","2460","1472","988","492","2454","1389","1065","492","2450","1469","981","492","2419","1367","1052","492","2415","1367","1048","492","2451","1504","947","492","2452","1437","1015","492","2430","1376","1054","492","2449","1460","989","492","2443","1503","940","492","2450","1409","1041","492","2453","1457","996","492","2434","1501","933","492","2443","1389","1054","492","2453","1390","1063","492","2440","1378","1062","492","2457","1493","964","492","2448","1395","1053"
,"493","2457","1459","998","493","2456","1511","945","493","2455","1442","1013","493","2446","1438","1008","493","2447","1487","960","493","2432","1383","1049","493","2461","1451","1010","493","2441","1448","993","493","2465","1477","988","493","2453","1492","961","493","2476","1550","926","493","2465","1527","938","493","2454","1466","988","493","2463","1390","1073","493","2454","1483","971","493","2436","1374","1062","493","2424","1386","1038","493","2468","1514","954","493","2449","1427","1022","493","2429","1368","1061","493","2451","1463","988","493","2451","1508","943","493","2440","1428","1012","493","2461","1446","1015","493","2449","1509","940","493","2433","1378","1055","493","2441","1376","1065","493","2447","1387","1060","493","2456","1499","957","493","2419","1370","1049"
,"494","2461","1459","1002","494","2475","1524","951","494","2451","1433","1018","494","2435","1440","995","494","2462","1497","965","494","2437","1402","1035","494","2454","1462","992","494","2447","1453","994","494","2449","1493","956","494","2438","1494","944","494","2468","1546","922","494","2456","1536","920","494","2459","1463","996","494","2445","1378","1067","494","2460","1495","965","494","2428","1353","1075","494","2432","1391","1041","494","2467","1526","941","494","2450","1426","1024","494","2429","1365","1064","494","2447","1465","982","494","2456","1503","953","494","2452","1415","1037","494","2457","1464","993","494","2443","1508","935","494","2444","1380","1064","494","2444","1381","1063","494","2433","1397","1036","494","2462","1485","977","494","2436","1382","1054"
,"495","2451","1445","1006","495","2465","1511","954","495","2449","1443","1006","495","2444","1453","991","495","2453","1492","961","495","2450","1395","1055","495","2455","1457","998","495","2442","1453","989","495","2459","1493","966","495","2454","1502","952","495","2469","1547","922","495","2470","1543","927","495","2450","1452","998","495","2455","1380","1075","495","2459","1470","989","495","2416","1359","1057","495","2422","1398","1024","495","2474","1519","955","495","2446","1424","1022","495","2416","1354","1062","495","2441","1458","983","495","2468","1528","940","495","2452","1395","1057","495","2461","1473","988","495","2419","1509","910","495","2447","1391","1056","495","2447","1380","1067","495","2451","1407","1044","495","2454","1494","960","495","2398","1378","1020"
,"496","2449","1460","989","496","2463","1498","965","496","2453","1429","1024","496","2446","1468","978","496","2462","1490","972","496","2452","1409","1043","496","2462","1450","1012","496","2459","1459","1000","496","2453","1472","981","496","2433","1479","954","496","2473","1549","924","496","2464","1531","933","496","2432","1443","989","496","2437","1363","1074","496","2445","1485","960","496","2424","1343","1081","496","2433","1419","1014","496","2470","1489","981","496","2457","1426","1031","496","2420","1349","1071","496","2443","1465","978","496","2461","1533","928","496","2446","1397","1049","496","2461","1465","996","496","2436","1520","916","496","2438","1375","1063","496","2451","1377","1074","496","2463","1396","1067","496","2449","1484","965","496","2419","1400","1019"
,"497","2458","1458","1000","497","2450","1489","961","497","2443","1429","1014","497","2435","1463","972","497","2464","1498","966","497","2449","1399","1050","497","2458","1470","988","497","2469","1461","1008","497","2455","1461","994","497","2441","1483","958","497","2471","1537","934","497","2468","1526","942","497","2442","1450","992","497","2441","1372","1069","497","2458","1494","964","497","2427","1355","1072","497","2419","1401","1018","497","2461","1501","960","497","2441","1445","996","497","2411","1352","1059","497","2458","1476","982","497","2461","1544","917","497","2441","1396","1045","497","2465","1457","1008","497","2437","1513","924","497","2445","1393","1052","497","2445","1372","1073","497","2461","1408","1053","497","2448","1505","943","497","2423","1394","1029"
,"498","2456","1462","994","498","2457","1506","951","498","2448","1425","1023","498","2439","1447","992","498","2441","1479","962","498","2456","1401","1055","498","2466","1461","1005","498","2463","1460","1003","498","2449","1467","982","498","2448","1489","959","498","2471","1528","943","498","2459","1536","923","498","2464","1474","990","498","2443","1359","1084","498","2458","1479","979","498","2422","1356","1066","498","2435","1418","1017","498","2462","1502","960","498","2464","1447","1017","498","2418","1342","1076","498","2456","1490","966","498","2473","1541","932","498","2429","1386","1043","498","2462","1443","1019","498","2424","1507","917","498","2454","1394","1060","498","2435","1364","1071","498","2463","1400","1063","498","2465","1496","969","498","2427","1394","1033"
,"499","2446","1463","983","499","2456","1479","977","499","2454","1435","1019","499","2443","1456","987","499","2442","1484","958","499","2448","1402","1046","499","2468","1469","999","499","2452","1442","1010","499","2464","1480","984","499","2437","1493","944","499","2472","1532","940","499","2463","1534","929","499","2454","1480","974","499","2455","1363","1092","499","2449","1479","970","499","2404","1356","1048","499","2445","1430","1015","499","2464","1502","962","499","2456","1435","1021","499","2452","1363","1089","499","2463","1498","965","499","2470","1536","934","499","2437","1396","1041","499","2456","1440","1016","499","2432","1513","919","499","2441","1405","1036","499","2441","1373","1068","499","2466","1408","1058","499","2456","1507","949","499","2422","1385","1037"
,"500","2450","1476","974","500","2472","1483","989","500","2444","1427","1017","500","2448","1456","992","500","2458","1483","975","500","2445","1409","1036","500","2464","1463","1001","500","2435","1437","998","500","2453","1476","977","500","2442","1500","942","500","2473","1514","959","500","2475","1546","929","500","2446","1474","972","500","2434","1368","1066","500","2445","1456","989","500","2414","1349","1065","500","2459","1438","1021","500","2472","1518","954","500","2452","1430","1022","500","2440","1358","1082","500","2456","1484","972","500","2460","1534","926","500","2442","1402","1040","500","2462","1438","1024","500","2427","1511","916","500","2459","1404","1055","500","2441","1367","1074","500","2466","1395","1071","500","2461","1504","957","500","2421","1389","1032"
